id,denekId,sayac,yatirim,rakip,secim,secimsure,kazanc,toplam
3,1002,0,0,1,0,0,0,0
4,1002,1,1,1,1,905,30,30
5,1002,2,0,1,1,874,10,40
6,1002,3,1,1,1,640,30,70
7,1002,4,1,0,1,608,0,70
8,1002,5,1,1,1,702,30,100
9,1002,6,1,1,1,733,30,130
10,1002,7,1,1,1,624,30,160
11,1002,8,0,1,1,483,10,170
12,1002,9,1,1,1,608,30,200
13,1002,10,1,0,1,827,0,200
14,1002,11,1,0,1,780,0,200
15,1002,12,1,1,1,609,30,230
16,1002,13,1,1,1,608,30,260
17,1002,14,0,1,1,546,10,270
18,1002,15,1,1,1,640,30,300
19,1002,16,1,1,1,499,30,330
20,1002,17,1,0,1,733,0,330
21,1002,18,0,1,1,515,10,340
22,1002,19,1,1,1,515,30,370
23,1002,20,1,1,1,858,30,400
24,1002,21,1,1,1,655,30,430
25,1002,22,1,0,1,780,0,430
26,1002,23,1,1,1,593,30,460
27,1002,24,1,1,1,577,30,490
28,1002,25,1,1,1,530,30,520
29,1002,26,1,1,1,546,30,550
30,1002,27,1,0,1,843,0,550
31,1002,28,1,1,1,811,30,580
32,1002,29,0,1,1,889,10,590
33,1002,30,1,0,1,734,0,590
34,1002,31,1,1,1,609,30,620
35,1002,32,1,0,1,468,0,620
36,1002,33,1,0,1,734,0,620
37,1002,34,1,0,1,780,0,620
38,1002,35,1,1,1,1061,30,650
39,1002,36,1,0,1,718,0,650
40,1002,37,1,1,1,811,30,680
41,1002,38,0,1,1,765,10,690
42,1002,39,1,1,1,905,30,720
43,1002,40,1,0,1,749,0,720
44,1002,41,1,0,1,515,0,720
45,1002,42,1,0,1,749,0,720
46,1002,43,1,0,1,609,0,720
47,1002,44,1,1,1,499,30,750
48,1002,45,1,1,1,468,30,780
49,1002,46,1,1,1,577,30,810
50,1002,47,1,1,1,499,30,840
51,1002,48,1,0,1,561,0,840
52,1002,49,1,1,1,858,30,870
53,1002,50,1,0,1,1108,0,870
54,1002,51,1,1,1,765,30,900
55,1002,52,1,0,1,499,0,900
56,1002,53,1,1,1,827,30,930
57,1002,54,1,0,1,670,0,930
58,1002,55,1,0,1,811,0,930
59,1002,56,1,0,1,530,0,930
60,1002,57,1,1,1,765,30,960
61,1002,58,1,1,1,562,30,990
62,1002,59,1,1,1,764,30,1020
1730,10042,0,1,1,1,2418,30,30
1731,10042,1,1,0,1,1700,0,30
1732,10042,2,0,1,1,1436,10,40
1733,10042,3,0,1,1,1248,10,50
1734,10042,4,1,1,1,951,30,80
1735,10042,5,1,1,1,1030,30,110
1736,10042,6,1,0,1,608,0,110
1737,10042,7,1,1,1,483,30,140
1738,10042,8,1,1,1,796,30,170
1739,10042,9,1,1,1,562,30,200
1740,10042,10,1,1,1,1419,30,230
1741,10042,11,1,1,1,655,30,260
1742,10042,12,1,1,1,546,30,290
1743,10042,13,1,1,1,515,30,320
1744,10042,14,1,1,1,702,30,350
1745,10042,15,1,1,1,437,30,380
1746,10042,16,1,1,1,639,30,410
1747,10042,17,1,1,1,639,30,440
1748,10042,18,1,1,1,577,30,470
1749,10042,19,1,1,1,405,30,500
1750,10042,20,1,0,1,952,0,500
1751,10042,21,1,1,1,453,30,530
1752,10042,22,1,0,1,483,0,530
1753,10042,23,1,1,1,421,30,560
1754,10042,24,1,1,1,718,30,590
1755,10042,25,1,0,1,468,0,590
1756,10042,26,1,0,1,718,0,590
1757,10042,27,1,1,1,1014,30,620
1758,10042,28,1,0,1,561,0,620
1759,10042,29,1,0,1,562,0,620
1760,10042,30,0,1,1,1435,10,630
1761,10042,31,0,1,1,624,10,640
1762,10042,32,0,1,1,343,10,650
1763,10042,33,1,1,1,640,30,680
1764,10042,34,1,0,1,702,0,680
1765,10042,35,0,1,1,421,10,690
1766,10042,36,0,1,1,468,10,700
1767,10042,37,1,1,1,499,30,730
1768,10042,38,1,1,1,686,30,760
1769,10042,39,1,1,1,562,30,790
1770,10042,40,1,1,1,1014,30,820
1771,10042,41,1,1,1,686,30,850
1772,10042,42,1,1,1,546,30,880
1773,10042,43,1,0,1,765,0,880
1774,10042,44,1,1,1,499,30,910
1775,10042,45,1,1,1,671,30,940
1776,10042,46,1,1,1,796,30,970
1777,10042,47,1,1,1,624,30,1000
1778,10042,48,1,1,1,687,30,1030
1779,10042,49,1,0,1,405,0,1030
1780,10042,50,1,1,1,780,30,1060
1781,10042,51,1,1,1,780,30,1090
1782,10042,52,1,1,1,546,30,1120
1783,10042,53,1,1,1,608,30,1150
1784,10042,54,1,1,1,500,30,1180
1785,10042,55,1,1,1,687,30,1210
1786,10042,56,1,1,1,405,30,1240
1787,10042,57,1,1,1,546,30,1270
1788,10042,58,1,1,1,515,30,1300
1789,10042,59,1,1,1,515,30,1330
2372,10057,0,0,1,0,0,0,0
2373,10057,1,1,1,1,905,30,30
2374,10057,2,1,0,1,437,0,30
2375,10057,3,1,0,1,936,0,30
2376,10057,4,0,1,1,1014,10,40
2377,10057,5,0,1,1,1155,10,50
2378,10057,6,1,1,1,1077,30,80
2379,10057,7,1,0,1,1357,0,80
2380,10057,8,0,1,1,780,10,90
2381,10057,9,0,1,1,905,10,100
2382,10057,10,1,1,1,1155,30,130
2383,10057,11,1,1,1,1622,30,160
2384,10057,12,1,1,1,1342,30,190
2385,10057,13,1,0,1,999,0,190
2386,10057,14,1,1,1,1154,30,220
2387,10057,15,1,1,1,873,30,250
2388,10057,16,0,1,1,1326,10,260
2389,10057,17,1,1,1,1513,30,290
2390,10057,18,1,1,1,2122,30,320
2391,10057,19,1,1,1,1466,30,350
2392,10057,20,1,0,1,1123,0,350
2393,10057,21,1,1,1,1404,30,380
2394,10057,22,1,1,1,1217,30,410
2395,10057,23,1,1,1,1544,30,440
2396,10057,24,0,1,1,905,10,450
2397,10057,25,0,1,1,999,10,460
2398,10057,26,1,1,1,1107,30,490
2399,10057,27,1,1,1,968,30,520
2400,10057,28,1,1,1,1014,30,550
2401,10057,29,1,0,1,1685,0,550
2402,10057,30,0,1,1,2091,10,560
2403,10057,31,1,1,1,1279,30,590
2404,10057,32,1,0,1,1170,0,590
2405,10057,33,1,1,1,1045,30,620
2406,10057,34,1,1,1,1061,30,650
2407,10057,35,1,1,1,1295,30,680
2408,10057,36,1,0,1,780,0,680
2409,10057,37,1,1,1,1576,30,710
2410,10057,38,0,1,1,998,10,720
2411,10057,39,1,0,1,702,0,720
2412,10057,40,1,1,1,1451,30,750
2413,10057,41,1,0,1,577,0,750
2414,10057,42,1,1,1,624,30,780
2415,10057,43,1,1,1,1497,30,810
2416,10057,44,1,0,1,1466,0,810
2417,10057,45,0,1,1,1014,10,820
2418,10057,46,0,1,1,1825,10,830
2419,10057,47,1,1,1,1185,30,860
2420,10057,48,1,0,1,1138,0,860
2421,10057,49,1,1,1,1388,30,890
2422,10057,50,1,1,1,1654,30,920
2423,10057,51,1,1,1,1763,30,950
2424,10057,52,1,1,1,1810,30,980
2425,10057,53,1,0,1,1716,0,980
2426,10057,54,0,1,1,1076,10,990
2427,10057,55,0,1,1,1670,10,1000
2428,10057,56,1,1,1,1310,30,1030
2429,10057,57,1,1,1,1685,30,1060
2430,10057,58,1,1,1,780,30,1090
2431,10057,59,1,1,1,1232,30,1120
2432,10058,0,1,0,1,1311,0,0
2433,10058,1,1,1,1,1311,30,30
2434,10058,2,0,1,1,749,10,40
2435,10058,3,1,1,1,858,30,70
2436,10058,4,1,1,1,702,30,100
2437,10058,5,1,1,1,843,30,130
2438,10058,6,0,1,1,858,10,140
2439,10058,7,1,1,1,811,30,170
2440,10058,8,1,0,1,717,0,170
2441,10058,9,1,1,1,889,30,200
2442,10058,10,1,1,1,998,30,230
2443,10058,11,1,1,1,1076,30,260
2444,10058,12,1,1,1,1092,30,290
2445,10058,13,1,1,1,1560,30,320
2446,10058,14,1,1,1,1419,30,350
2447,10058,15,1,1,1,874,30,380
2448,10058,16,0,1,1,889,10,390
2449,10058,17,1,1,1,1014,30,420
2450,10058,18,1,0,1,1623,0,420
2451,10058,19,0,1,1,1014,10,430
2452,10058,20,1,1,1,999,30,460
2453,10058,21,1,0,1,889,0,460
2454,10058,22,1,1,1,858,30,490
2455,10058,23,1,0,1,795,0,490
2456,10058,24,1,0,1,2028,0,490
2457,10058,25,0,1,1,671,10,500
2458,10058,26,1,0,1,1669,0,500
2459,10058,27,0,1,1,749,10,510
2460,10058,28,1,1,1,2059,30,540
2461,10058,29,1,0,1,904,0,540
2462,10058,30,1,1,1,686,30,570
2463,10058,31,1,1,1,733,30,600
2464,10058,32,1,0,1,811,0,600
2465,10058,33,0,1,1,718,10,610
2466,10058,34,1,1,1,749,30,640
2467,10058,35,1,1,1,905,30,670
2468,10058,36,1,0,1,889,0,670
2469,10058,37,0,1,1,624,10,680
2470,10058,38,0,1,1,608,10,690
2471,10058,39,1,0,1,765,0,690
2472,10058,40,1,1,1,827,30,720
2473,10058,41,1,0,1,1092,0,720
2474,10058,42,0,1,1,702,10,730
2475,10058,43,1,1,1,2044,30,760
2476,10058,44,1,1,1,920,30,790
2477,10058,45,1,1,1,749,30,820
2478,10058,46,1,1,1,749,30,850
2479,10058,47,1,1,1,1107,30,880
2480,10058,48,1,1,1,811,30,910
2481,10058,49,1,1,1,1950,30,940
2482,10058,50,1,1,1,811,30,970
2483,10058,51,1,1,1,967,30,1000
2484,10058,52,1,1,1,905,30,1030
2485,10058,53,1,1,1,827,30,1060
2486,10058,54,1,0,1,764,0,1060
2487,10058,55,1,1,0,0,0,1060
2488,10058,56,1,1,1,702,30,1090
2489,10058,57,1,1,1,905,30,1120
2490,10058,58,1,1,1,624,30,1150
2491,10058,59,1,1,1,920,30,1180
2762,10064,0,1,1,1,660,30,30
2763,10064,1,1,1,1,920,30,60
2764,10064,2,1,1,1,480,30,90
2765,10064,3,1,1,1,790,30,120
2766,10064,4,1,1,1,790,30,150
2767,10064,5,1,1,1,870,30,180
2768,10064,6,1,1,1,740,30,210
2769,10064,7,1,1,1,670,30,240
2770,10064,8,1,1,1,440,30,270
2771,10064,9,1,0,1,930,0,270
2772,10064,10,1,0,1,1980,0,270
2773,10064,11,1,1,1,940,30,300
2774,10064,12,1,1,1,1020,30,330
2775,10064,13,1,1,1,1190,30,360
2776,10064,14,1,1,1,1400,30,390
2777,10064,15,1,0,1,1060,0,390
2778,10064,16,1,1,1,890,30,420
2779,10064,17,1,1,1,990,30,450
2780,10064,18,1,1,1,1260,30,480
2781,10064,19,1,1,1,860,30,510
2782,10064,20,1,0,1,1220,0,510
2783,10064,21,1,0,1,800,0,510
2784,10064,22,1,1,1,680,30,540
2785,10064,23,1,1,1,840,30,570
2786,10064,24,1,1,1,970,30,600
2787,10064,25,1,1,1,830,30,630
2788,10064,26,1,0,1,1140,0,630
2789,10064,27,1,0,1,1000,0,630
2790,10064,28,1,1,1,920,30,660
2791,10064,29,1,1,1,680,30,690
2792,10064,30,1,1,0,0,0,690
2793,10064,31,1,0,1,640,0,690
2794,10064,32,1,1,1,850,30,720
2795,10064,33,1,0,1,660,0,720
2796,10064,34,1,0,1,1150,0,720
2797,10064,35,1,1,1,840,30,750
2798,10064,36,1,0,1,570,0,750
2799,10064,37,0,1,1,520,10,760
2800,10064,38,1,1,1,610,30,790
2801,10064,39,0,1,1,610,10,800
2802,10064,40,0,1,1,1730,10,810
2803,10064,41,1,0,1,640,0,810
2804,10064,42,1,0,1,720,0,810
2805,10064,43,1,1,1,900,30,840
2806,10064,44,1,1,1,670,30,870
2807,10064,45,1,1,1,1240,30,900
2808,10064,46,1,1,1,610,30,930
2809,10064,47,1,1,1,820,30,960
2810,10064,48,1,1,1,820,30,990
2811,10064,49,1,1,1,580,30,1020
2812,10064,50,1,0,1,1030,0,1020
2813,10064,51,0,1,1,520,10,1030
2814,10064,52,1,1,1,600,30,1060
2815,10064,53,1,1,1,1260,30,1090
2816,10064,54,1,1,1,710,30,1120
2817,10064,55,1,0,1,840,0,1120
2818,10064,56,0,1,1,570,10,1130
2819,10064,57,1,1,1,610,30,1160
2820,10064,58,1,0,1,910,0,1160
2821,10064,59,0,1,1,720,10,1170
3230,10073,0,1,1,1,-1617521862,30,30
3231,10073,1,1,1,1,375,30,60
3232,10073,2,1,1,1,1451,30,90
3233,10073,3,1,0,1,1154,0,90
3234,10073,4,1,1,1,858,30,120
3235,10073,5,1,1,1,530,30,150
3236,10073,6,0,1,1,609,10,160
3237,10073,7,1,1,1,936,30,190
3238,10073,8,1,1,1,514,30,220
3239,10073,9,0,1,1,1139,10,230
3240,10073,10,1,1,1,702,30,260
3241,10073,11,1,1,1,873,30,290
3242,10073,12,0,1,1,671,10,300
3243,10073,13,1,1,1,765,30,330
3244,10073,14,1,0,1,640,0,330
3245,10073,15,1,1,1,640,30,360
3246,10073,16,1,0,1,437,0,360
3247,10073,17,1,1,1,593,30,390
3248,10073,18,1,1,1,546,30,420
3249,10073,19,0,1,1,406,10,430
3250,10073,20,1,1,1,920,30,460
3251,10073,21,1,0,1,640,0,460
3252,10073,22,1,0,1,515,0,460
3253,10073,23,0,1,1,640,10,470
3254,10073,24,0,1,1,608,10,480
3255,10073,25,1,0,1,749,0,480
3256,10073,26,1,0,1,780,0,480
3257,10073,27,1,0,1,671,0,480
3258,10073,28,0,1,1,499,10,490
3259,10073,29,1,1,1,530,30,520
3260,10073,30,1,1,1,889,30,550
3261,10073,31,1,0,1,686,0,550
3262,10073,32,1,1,1,515,30,580
3263,10073,33,1,1,1,1310,30,610
3264,10073,34,1,0,1,546,0,610
3265,10073,35,1,0,1,499,0,610
3266,10073,36,1,0,1,780,0,610
3267,10073,37,1,1,1,671,30,640
3268,10073,38,1,0,1,671,0,640
3269,10073,39,1,1,1,733,30,670
3270,10073,40,1,1,1,983,30,700
3271,10073,41,1,0,1,1077,0,700
3272,10073,42,1,1,1,546,30,730
3273,10073,43,0,1,1,734,10,740
3274,10073,44,1,1,1,624,30,770
3275,10073,45,0,1,1,593,10,780
3276,10073,46,1,1,1,546,30,810
3277,10073,47,0,1,1,624,10,820
3278,10073,48,1,1,1,983,30,850
3279,10073,49,0,1,1,624,10,860
3280,10073,50,0,1,1,780,10,870
3281,10073,51,1,1,1,842,30,900
3282,10073,52,0,1,1,421,10,910
3283,10073,53,1,1,1,609,30,940
3284,10073,54,0,1,1,546,10,950
3285,10073,55,1,1,1,578,30,980
3286,10073,56,0,1,1,468,10,990
3287,10073,57,1,0,1,780,0,990
3288,10073,58,1,1,1,561,30,1020
3289,10073,59,0,1,1,655,10,1030
3388,10077,0,1,1,1,748,30,30
3389,10077,1,0,1,1,718,10,40
3390,10077,2,0,1,1,1794,10,50
3391,10077,3,1,1,1,655,30,80
3392,10077,4,1,1,1,1311,30,110
3393,10077,5,0,1,1,499,10,120
3394,10077,6,1,1,1,952,30,150
3395,10077,7,0,1,1,1123,10,160
3396,10077,8,1,1,1,967,30,190
3397,10077,9,1,1,1,639,30,220
3398,10077,10,0,1,1,905,10,230
3399,10077,11,0,1,1,718,10,240
3400,10077,12,1,1,1,640,30,270
3401,10077,13,0,1,1,1545,10,280
3402,10077,14,0,1,1,390,10,290
3403,10077,15,1,1,1,951,30,320
3404,10077,16,1,1,1,967,30,350
3405,10077,17,1,1,1,640,30,380
3406,10077,18,0,1,1,640,10,390
3407,10077,19,1,1,1,640,30,420
3408,10077,20,0,1,1,1529,10,430
3409,10077,21,1,1,1,780,30,460
3410,10077,22,1,0,1,1092,0,460
3411,10077,23,0,1,1,842,10,470
3412,10077,24,0,1,1,671,10,480
3413,10077,25,1,0,1,718,0,480
3414,10077,26,1,0,1,702,0,480
3415,10077,27,1,0,1,733,0,480
3416,10077,28,1,0,1,749,0,480
3417,10077,29,1,1,1,655,30,510
3418,10077,30,0,1,1,827,10,520
3419,10077,31,0,1,1,1311,10,530
3420,10077,32,0,1,1,702,10,540
3421,10077,33,1,1,1,920,30,570
3422,10077,34,1,1,1,1092,30,600
3423,10077,35,0,1,1,780,10,610
3424,10077,36,0,1,1,639,10,620
3425,10077,37,0,1,1,827,10,630
3426,10077,38,0,1,1,796,10,640
3427,10077,39,1,0,1,687,0,640
3428,10077,40,0,1,1,1450,10,650
3429,10077,41,1,1,1,1030,30,680
3430,10077,42,0,1,1,780,10,690
3431,10077,43,1,0,1,702,0,690
3432,10077,44,0,1,1,718,10,700
3433,10077,45,0,1,1,655,10,710
3434,10077,46,1,1,1,593,30,740
3435,10077,47,1,1,1,827,30,770
3436,10077,48,1,1,1,702,30,800
3437,10077,49,0,1,1,1046,10,810
3438,10077,50,0,1,1,1404,10,820
3439,10077,51,0,1,1,796,10,830
3440,10077,52,1,1,1,780,30,860
3441,10077,53,0,1,1,1170,10,870
3442,10077,54,0,1,1,702,10,880
3443,10077,55,0,1,1,1217,10,890
3444,10077,56,1,1,1,905,30,920
3445,10077,57,1,0,1,936,0,920
3446,10077,58,0,1,1,765,10,930
3447,10077,59,0,1,1,1061,10,940
3448,10078,0,1,1,1,2168,30,30
3449,10078,1,1,1,1,-1023018107,30,60
3450,10078,2,0,1,1,1062,10,70
3451,10078,3,1,1,1,1482,30,100
3452,10078,4,1,1,1,1732,30,130
3453,10078,5,1,1,1,1451,30,160
3454,10078,6,1,0,1,1216,0,160
3455,10078,7,0,1,1,608,10,170
3456,10078,8,0,1,1,1123,10,180
3457,10078,9,1,1,1,1342,30,210
3458,10078,10,1,1,1,749,30,240
3459,10078,11,1,1,1,858,30,270
3460,10078,12,1,1,1,1123,30,300
3461,10078,13,1,0,1,827,0,300
3462,10078,14,0,1,1,764,10,310
3463,10078,15,0,1,1,749,10,320
3464,10078,16,1,1,1,967,30,350
3465,10078,17,1,1,1,1420,30,380
3466,10078,18,1,1,1,921,30,410
3467,10078,19,1,1,1,1326,30,440
3468,10078,20,1,0,1,858,0,440
3469,10078,21,0,1,1,889,10,450
3470,10078,22,1,1,1,655,30,480
3471,10078,23,1,1,1,921,30,510
3472,10078,24,1,0,1,1185,0,510
3473,10078,25,0,1,1,812,10,520
3474,10078,26,0,1,1,452,10,530
3475,10078,27,0,1,1,873,10,540
3476,10078,28,1,1,1,702,30,570
3477,10078,29,1,1,1,1061,30,600
3478,10078,30,1,1,0,0,0,600
3479,10078,31,1,0,1,578,0,600
3480,10078,32,0,1,1,437,10,610
3481,10078,33,0,1,1,561,10,620
3482,10078,34,1,1,1,514,30,650
3483,10078,35,1,1,1,905,30,680
3484,10078,36,0,1,1,359,10,690
3485,10078,37,0,1,1,749,10,700
3486,10078,38,1,1,1,546,30,730
3487,10078,39,1,1,1,998,30,760
3488,10078,40,1,1,1,2621,30,790
3489,10078,41,1,1,1,811,30,820
3490,10078,42,1,1,1,842,30,850
3491,10078,43,1,1,1,578,30,880
3492,10078,44,1,1,1,999,30,910
3493,10078,45,1,1,1,577,30,940
3494,10078,46,1,1,1,1279,30,970
3495,10078,47,1,1,1,858,30,1000
3496,10078,48,1,1,1,998,30,1030
3497,10078,49,1,1,1,796,30,1060
3498,10078,50,1,1,1,858,30,1090
3499,10078,51,1,0,1,983,0,1090
3500,10078,52,1,1,1,904,30,1120
3501,10078,53,1,1,1,905,30,1150
3502,10078,54,1,1,1,1092,30,1180
3503,10078,55,1,1,1,1560,30,1210
3504,10078,56,1,1,1,811,30,1240
3505,10078,57,1,1,1,1170,30,1270
3506,10078,58,1,1,1,874,30,1300
3507,10078,59,1,1,1,655,30,1330
3508,10079,0,0,1,0,0,0,0
3509,10079,1,0,1,1,2481,10,10
3510,10079,2,0,1,1,124,10,20
3511,10079,3,0,1,0,0,0,20
3512,10079,4,0,1,0,0,0,20
3513,10079,5,1,1,1,1185,30,50
3514,10079,6,1,1,0,0,0,50
3515,10079,7,1,1,1,998,30,80
3516,10079,8,1,0,1,1186,0,80
3517,10079,9,1,1,1,796,30,110
3518,10079,10,1,1,1,858,30,140
3519,10079,11,1,1,1,811,30,170
3520,10079,12,1,1,1,702,30,200
3521,10079,13,1,0,1,686,0,200
3522,10079,14,1,0,1,765,0,200
3523,10079,15,1,1,1,827,30,230
3524,10079,16,1,1,1,702,30,260
3525,10079,17,1,1,1,686,30,290
3526,10079,18,1,0,1,764,0,290
3527,10079,19,1,1,1,655,30,320
3528,10079,20,1,0,1,733,0,320
3529,10079,21,1,0,1,624,0,320
3530,10079,22,1,1,1,905,30,350
3531,10079,23,1,0,1,748,0,350
3532,10079,24,1,1,1,842,30,380
3533,10079,25,1,0,1,655,0,380
3534,10079,26,1,1,1,873,30,410
3535,10079,27,1,1,1,702,30,440
3536,10079,28,1,0,1,655,0,440
3537,10079,29,1,0,1,748,0,440
3538,10079,30,1,1,1,702,30,470
3539,10079,31,1,0,1,718,0,470
3540,10079,32,1,0,1,780,0,470
3541,10079,33,1,0,1,764,0,470
3542,10079,34,1,1,1,687,30,500
3543,10079,35,1,0,1,733,0,500
3544,10079,36,1,0,1,734,0,500
3545,10079,37,1,0,1,811,0,500
3546,10079,38,1,0,1,780,0,500
3547,10079,39,1,0,1,718,0,500
3548,10079,40,1,1,1,-1017853542,30,530
3549,10079,41,1,1,1,640,30,560
3550,10079,42,1,0,1,639,0,560
3551,10079,43,1,1,1,609,30,590
3552,10079,44,1,1,1,780,30,620
3553,10079,45,1,1,1,702,30,650
3554,10079,46,1,1,1,640,30,680
3555,10079,47,1,1,1,764,30,710
3556,10079,48,1,0,1,656,0,710
3557,10079,49,1,1,1,811,30,740
3558,10079,50,1,1,1,858,30,770
3559,10079,51,1,1,1,795,30,800
3560,10079,52,1,0,1,733,0,800
3561,10079,53,1,1,1,671,30,830
3562,10079,54,1,1,1,671,30,860
3563,10079,55,1,1,1,733,30,890
3564,10079,56,1,0,1,624,0,890
3565,10079,57,1,0,1,1029,0,890
3566,10079,58,1,0,1,593,0,890
3567,10079,59,0,1,1,842,10,900
3568,10080,0,0,1,1,765,10,10
3569,10080,1,0,1,1,1810,10,20
3570,10080,2,0,1,1,1170,10,30
3571,10080,3,0,1,1,1654,10,40
3572,10080,4,0,1,1,1061,10,50
3573,10080,5,0,1,1,1169,10,60
3574,10080,6,0,1,1,1029,10,70
3575,10080,7,0,1,1,-1014323986,10,80
3576,10080,8,1,0,1,1451,0,80
3577,10080,9,0,1,1,-1014275986,10,90
3578,10080,10,1,1,1,1467,30,120
3579,10080,11,0,1,1,-1014219107,10,130
3580,10080,12,1,1,1,1295,30,160
3581,10080,13,1,1,1,795,30,190
3582,10080,14,1,1,1,1810,30,220
3583,10080,15,0,1,1,1155,10,230
3584,10080,16,1,0,1,-1014099112,0,230
3585,10080,17,0,1,1,639,10,240
3586,10080,18,1,1,1,1232,30,270
3587,10080,19,1,1,1,1310,30,300
3588,10080,20,0,1,1,1685,10,310
3589,10080,21,1,1,1,1966,30,340
3590,10080,22,0,1,1,1529,10,350
3591,10080,23,1,0,1,1045,0,350
3592,10080,24,1,0,1,-1013898090,0,350
3593,10080,25,1,0,1,-1013874051,0,350
3594,10080,26,0,1,1,811,10,360
3595,10080,27,1,1,1,1217,30,390
3596,10080,28,1,0,1,1467,0,390
3597,10080,29,0,1,1,1170,10,400
3598,10080,30,1,0,1,1482,0,400
3599,10080,31,0,1,1,1076,10,410
3600,10080,32,1,0,1,2012,0,410
3601,10080,33,1,1,1,562,30,440
3602,10080,34,1,1,1,952,30,470
3603,10080,35,1,0,1,1544,0,470
3604,10080,36,0,1,1,1372,10,480
3605,10080,37,1,1,1,983,30,510
3606,10080,38,1,1,1,1357,30,540
3607,10080,39,1,1,0,0,0,540
3608,10080,40,0,1,1,733,10,550
3609,10080,41,1,1,1,749,30,580
3610,10080,42,1,1,1,951,30,610
3611,10080,43,1,1,1,656,30,640
3612,10080,44,1,1,1,889,30,670
3613,10080,45,1,1,1,733,30,700
3614,10080,46,1,1,1,842,30,730
3615,10080,47,1,1,1,1108,30,760
3616,10080,48,1,1,1,640,30,790
3617,10080,49,1,1,1,1170,30,820
3618,10080,50,1,1,1,1295,30,850
3619,10080,51,1,0,1,827,0,850
3620,10080,52,0,1,1,1092,10,860
3621,10080,53,1,1,1,796,30,890
3622,10080,54,1,1,1,1046,30,920
3623,10080,55,1,1,1,1280,30,950
3624,10080,56,1,0,1,983,0,950
3625,10080,57,1,1,1,717,30,980
3626,10080,58,1,0,1,1092,0,980
3627,10080,59,1,0,1,718,0,980
3628,10081,0,1,1,1,2356,30,30
3629,10081,1,0,1,1,1341,10,40
3630,10081,2,1,1,1,905,30,70
3631,10081,3,1,1,1,1124,30,100
3632,10081,4,0,1,1,546,10,110
3633,10081,5,1,0,1,780,0,110
3634,10081,6,1,1,1,592,30,140
3635,10081,7,1,1,1,1170,30,170
3636,10081,8,0,1,1,609,10,180
3637,10081,9,1,1,1,780,30,210
3638,10081,10,1,1,1,2434,30,240
3639,10081,11,0,1,1,1700,10,250
3640,10081,12,1,1,1,1092,30,280
3641,10081,13,1,0,1,2059,0,280
3642,10081,14,1,0,1,1607,0,280
3643,10081,15,0,1,1,468,10,290
3644,10081,16,1,1,1,749,30,320
3645,10081,17,1,1,1,624,30,350
3646,10081,18,0,1,1,718,10,360
3647,10081,19,1,1,1,1108,30,390
3648,10081,20,1,1,1,1310,30,420
3649,10081,21,1,1,1,999,30,450
3650,10081,22,1,1,1,1950,30,480
3651,10081,23,1,0,1,702,0,480
3652,10081,24,0,1,1,764,10,490
3653,10081,25,1,0,1,1077,0,490
3654,10081,26,1,1,1,686,30,520
3655,10081,27,1,0,1,999,0,520
3656,10081,28,1,0,1,1825,0,520
3657,10081,29,0,1,1,421,10,530
3658,10081,30,0,1,1,624,10,540
3659,10081,31,0,1,1,827,10,550
3660,10081,32,1,0,1,889,0,550
3661,10081,33,1,0,1,374,0,550
3662,10081,34,0,1,1,531,10,560
3663,10081,35,0,1,1,733,10,570
3664,10081,36,1,1,1,562,30,600
3665,10081,37,1,0,1,1716,0,600
3666,10081,38,0,1,1,359,10,610
3667,10081,39,1,0,1,1404,0,610
3668,10081,40,0,1,1,2325,10,620
3669,10081,41,0,1,1,2262,10,630
3670,10081,42,1,0,1,904,0,630
3671,10081,43,0,1,1,1935,10,640
3672,10081,44,1,1,1,1498,30,670
3673,10081,45,0,1,1,717,10,680
3674,10081,46,1,1,1,874,30,710
3675,10081,47,0,1,1,1154,10,720
3676,10081,48,0,1,1,671,10,730
3677,10081,49,0,1,1,390,10,740
3678,10081,50,1,1,1,1466,30,770
3679,10081,51,1,1,1,1622,30,800
3680,10081,52,0,1,1,1233,10,810
3681,10081,53,1,1,1,1326,30,840
3682,10081,54,1,1,1,858,30,870
3683,10081,55,1,0,1,1576,0,870
3684,10081,56,0,1,1,1779,10,880
3685,10081,57,0,1,1,655,10,890
3686,10081,58,1,1,1,453,30,920
3687,10081,59,1,1,1,795,30,950
3688,10082,0,1,1,1,-1005471491,30,30
3689,10082,1,1,1,1,1092,30,60
3690,10082,2,0,1,1,2465,10,70
3691,10082,3,1,1,1,1373,30,100
3692,10082,4,1,1,1,2028,30,130
3693,10082,5,1,1,1,1186,30,160
3694,10082,6,0,1,1,702,10,170
3695,10082,7,1,1,1,1872,30,200
3696,10082,8,1,0,1,811,0,200
3697,10082,9,0,1,1,2574,10,210
3698,10082,10,1,1,1,1809,30,240
3699,10082,11,1,0,1,1685,0,240
3700,10082,12,0,1,1,811,10,250
3701,10082,13,1,1,1,2605,30,280
3702,10082,14,0,1,1,1794,10,290
3703,10082,15,1,1,1,905,30,320
3704,10082,16,1,1,1,1014,30,350
3705,10082,17,0,1,1,952,10,360
3706,10082,18,1,1,1,921,30,390
3707,10082,19,1,1,1,1684,30,420
3708,10082,20,1,0,1,1232,0,420
3709,10082,21,0,1,1,593,10,430
3710,10082,22,0,1,1,2434,10,440
3711,10082,23,0,1,1,2200,10,450
3712,10082,24,0,1,0,0,0,450
3713,10082,25,1,0,1,1310,0,450
3714,10082,26,0,1,1,843,10,460
3715,10082,27,0,1,1,905,10,470
3716,10082,28,0,1,1,1607,10,480
3717,10082,29,0,1,1,-1004755995,10,490
3718,10082,30,1,1,1,2387,30,520
3719,10082,31,1,1,1,827,30,550
3720,10082,32,1,1,1,717,30,580
3721,10082,33,1,0,1,1576,0,580
3722,10082,34,0,1,1,671,10,590
3723,10082,35,0,1,1,811,10,600
3724,10082,36,0,1,1,640,10,610
3725,10082,37,1,0,1,796,0,610
3726,10082,38,0,1,1,968,10,620
3727,10082,39,0,1,1,1482,10,630
3728,10082,40,0,1,1,1279,10,640
3729,10082,41,1,1,1,2231,30,670
3730,10082,42,1,1,1,765,30,700
3731,10082,43,0,1,1,390,10,710
3732,10082,44,1,1,1,827,30,740
3733,10082,45,1,1,1,718,30,770
3734,10082,46,1,1,1,1326,30,800
3735,10082,47,1,0,1,436,0,800
3736,10082,48,0,1,1,390,10,810
3737,10082,49,0,1,1,795,10,820
3738,10082,50,1,1,1,2090,30,850
3739,10082,51,1,0,1,609,0,850
3740,10082,52,0,1,1,1669,10,860
3741,10082,53,0,1,1,1684,10,870
3742,10082,54,1,0,1,1529,0,870
3743,10082,55,0,1,1,920,10,880
3744,10082,56,0,1,1,858,10,890
3745,10082,57,0,1,1,702,10,900
3746,10082,58,1,1,1,905,30,930
3747,10082,59,1,1,1,998,30,960
3748,10083,0,0,1,0,0,0,0
3749,10083,1,0,1,1,530,10,10
3750,10083,2,1,1,1,842,30,40
3751,10083,3,0,1,1,749,10,50
3752,10083,4,1,0,1,718,0,50
3753,10083,5,0,1,1,936,10,60
3754,10083,6,0,1,1,546,10,70
3755,10083,7,0,1,1,608,10,80
3756,10083,8,0,1,1,655,10,90
3757,10083,9,0,1,1,874,10,100
3758,10083,10,0,1,1,624,10,110
3759,10083,11,0,1,1,1123,10,120
3760,10083,12,0,1,1,843,10,130
3761,10083,13,0,1,1,717,10,140
3762,10083,14,0,1,1,671,10,150
3763,10083,15,0,1,1,811,10,160
3764,10083,16,0,1,1,796,10,170
3765,10083,17,0,1,1,843,10,180
3766,10083,18,0,1,1,593,10,190
3767,10083,19,0,1,1,577,10,200
3768,10083,20,1,1,1,811,30,230
3769,10083,21,1,0,1,998,0,230
3770,10083,22,1,1,1,749,30,260
3771,10083,23,1,0,1,967,0,260
3772,10083,24,1,1,1,765,30,290
3773,10083,25,1,1,1,827,30,320
3774,10083,26,1,0,1,2152,0,320
3775,10083,27,1,1,1,687,30,350
3776,10083,28,1,0,1,1014,0,350
3777,10083,29,1,1,1,640,30,380
3778,10083,30,1,1,1,718,30,410
3779,10083,31,1,1,1,609,30,440
3780,10083,32,1,1,1,702,30,470
3781,10083,33,1,1,1,702,30,500
3782,10083,34,1,1,1,733,30,530
3783,10083,35,1,1,1,624,30,560
3784,10083,36,1,0,1,749,0,560
3785,10083,37,1,1,1,671,30,590
3786,10083,38,1,1,1,639,30,620
3787,10083,39,1,1,1,718,30,650
3788,10083,40,1,1,1,1358,30,680
3789,10083,41,1,1,1,936,30,710
3790,10083,42,1,1,1,639,30,740
3791,10083,43,1,0,1,1326,0,740
3792,10083,44,1,0,1,1622,0,740
3793,10083,45,1,1,1,687,30,770
3794,10083,46,0,1,1,500,10,780
3795,10083,47,0,1,1,515,10,790
3796,10083,48,0,1,1,531,10,800
3797,10083,49,1,1,1,827,30,830
3798,10083,50,1,0,1,546,0,830
3799,10083,51,1,1,1,920,30,860
3800,10083,52,1,1,1,1092,30,890
3801,10083,53,1,1,1,920,30,920
3802,10083,54,1,1,1,998,30,950
3803,10083,55,1,1,1,1045,30,980
3804,10083,56,1,1,1,858,30,1010
3805,10083,57,1,1,1,874,30,1040
3806,10083,58,1,0,1,889,0,1040
3807,10083,59,1,1,1,748,30,1070
3808,10084,0,0,1,1,2481,10,10
3809,10084,1,0,1,0,0,0,10
3810,10084,2,1,1,1,1435,30,40
3811,10084,3,1,1,1,2590,30,70
3812,10084,4,0,1,1,1092,10,80
3813,10084,5,1,1,1,1513,30,110
3814,10084,6,1,1,1,1809,30,140
3815,10084,7,0,1,1,1700,10,150
3816,10084,8,1,1,1,905,30,180
3817,10084,9,1,1,1,921,30,210
3818,10084,10,0,1,1,624,10,220
3819,10084,11,1,1,1,717,30,250
3820,10084,12,1,1,1,951,30,280
3821,10084,13,1,1,1,452,30,310
3822,10084,14,1,1,1,2199,30,340
3823,10084,15,0,1,1,702,10,350
3824,10084,16,1,1,1,437,30,380
3825,10084,17,1,1,1,2371,30,410
3826,10084,18,0,1,1,858,10,420
3827,10084,19,1,1,1,671,30,450
3828,10084,20,1,0,1,733,0,450
3829,10084,21,1,1,1,2028,30,480
3830,10084,22,1,1,1,749,30,510
3831,10084,23,0,1,1,405,10,520
3832,10084,24,1,1,1,639,30,550
3833,10084,25,0,1,1,811,10,560
3834,10084,26,0,1,1,686,10,570
3835,10084,27,1,0,1,452,0,570
3836,10084,28,1,0,1,1326,0,570
3837,10084,29,1,0,1,546,0,570
3838,10084,30,0,1,1,811,10,580
3839,10084,31,1,0,1,406,0,580
3840,10084,32,0,1,1,437,10,590
3841,10084,33,0,1,1,811,10,600
3842,10084,34,1,0,1,733,0,600
3843,10084,35,1,0,1,1357,0,600
3844,10084,36,0,1,1,250,10,610
3845,10084,37,0,1,1,406,10,620
3846,10084,38,0,1,1,312,10,630
3847,10084,39,1,1,1,1216,30,660
3848,10084,40,0,1,1,811,10,670
3849,10084,41,1,1,1,515,30,700
3850,10084,42,0,1,1,562,10,710
3851,10084,43,0,1,1,531,10,720
3852,10084,44,1,1,1,717,30,750
3853,10084,45,1,1,1,904,30,780
3854,10084,46,1,0,1,1310,0,780
3855,10084,47,0,1,1,624,10,790
3856,10084,48,0,1,1,749,10,800
3857,10084,49,1,0,1,437,0,800
3858,10084,50,0,1,1,406,10,810
3859,10084,51,0,1,1,733,10,820
3860,10084,52,1,1,1,624,30,850
3861,10084,53,0,1,1,499,10,860
3862,10084,54,0,1,1,499,10,870
3863,10084,55,1,1,1,515,30,900
3864,10084,56,0,1,1,531,10,910
3865,10084,57,0,1,1,593,10,920
3866,10084,58,0,1,1,375,10,930
3867,10084,59,1,1,1,390,30,960
3868,10085,0,1,0,1,1450,0,0
3869,10085,1,1,1,1,1014,30,30
3870,10085,2,1,1,1,1544,30,60
3871,10085,3,0,1,1,1934,10,70
3872,10085,4,1,1,1,796,30,100
3873,10085,5,1,1,1,1123,30,130
3874,10085,6,0,1,1,967,10,140
3875,10085,7,1,0,1,1779,0,140
3876,10085,8,1,0,1,1935,0,140
3877,10085,9,0,1,1,936,10,150
3878,10085,10,1,1,1,1794,30,180
3879,10085,11,1,1,1,2652,30,210
3880,10085,12,1,0,1,1014,0,210
3881,10085,13,1,0,1,1077,0,210
3882,10085,14,0,1,1,765,10,220
3883,10085,15,1,1,1,827,30,250
3884,10085,16,1,0,1,1591,0,250
3885,10085,17,0,1,1,749,10,260
3886,10085,18,1,1,1,998,30,290
3887,10085,19,0,1,1,624,10,300
3888,10085,20,1,1,1,656,30,330
3889,10085,21,1,1,1,499,30,360
3890,10085,22,1,1,1,920,30,390
3891,10085,23,1,0,1,1264,0,390
3892,10085,24,1,1,1,1061,30,420
3893,10085,25,0,1,1,702,10,430
3894,10085,26,1,1,1,1248,30,460
3895,10085,27,1,1,1,1201,30,490
3896,10085,28,1,0,1,1341,0,490
3897,10085,29,0,1,1,1092,10,500
3898,10085,30,1,0,1,1061,0,500
3899,10085,31,1,0,1,764,0,500
3900,10085,32,1,1,1,967,30,530
3901,10085,33,0,1,1,765,10,540
3902,10085,34,0,1,1,764,10,550
3903,10085,35,1,1,1,764,30,580
3904,10085,36,1,0,1,905,0,580
3905,10085,37,1,1,1,905,30,610
3906,10085,38,0,1,1,765,10,620
3907,10085,39,0,1,1,858,10,630
3908,10085,40,1,1,1,1435,30,660
3909,10085,41,1,1,1,1420,30,690
3910,10085,42,1,1,1,1388,30,720
3911,10085,43,0,1,1,593,10,730
3912,10085,44,1,1,1,1435,30,760
3913,10085,45,0,1,1,1763,10,770
3914,10085,46,1,1,1,874,30,800
3915,10085,47,1,1,1,999,30,830
3916,10085,48,0,1,1,468,10,840
3917,10085,49,0,1,1,514,10,850
3918,10085,50,1,1,1,873,30,880
3919,10085,51,1,1,1,999,30,910
3920,10085,52,1,1,1,905,30,940
3921,10085,53,1,1,1,905,30,970
3922,10085,54,1,1,1,639,30,1000
3923,10085,55,1,0,1,421,0,1000
3924,10085,56,1,1,1,826,30,1030
3925,10085,57,1,0,1,749,0,1030
3926,10085,58,1,0,1,406,0,1030
3927,10085,59,0,1,1,827,10,1040
3928,10086,0,0,1,1,1139,10,10
3929,10086,1,1,1,1,1451,30,40
3930,10086,2,0,1,1,1903,10,50
3931,10086,3,0,1,1,983,10,60
3932,10086,4,1,0,1,998,0,60
3933,10086,5,0,1,1,795,10,70
3934,10086,6,0,1,1,718,10,80
3935,10086,7,0,1,1,874,10,90
3936,10086,8,0,1,1,1108,10,100
3937,10086,9,0,1,1,843,10,110
3938,10086,10,0,1,1,780,10,120
3939,10086,11,0,1,1,686,10,130
3940,10086,12,0,1,1,686,10,140
3941,10086,13,0,1,1,858,10,150
3942,10086,14,0,1,1,1170,10,160
3943,10086,15,1,1,1,1404,30,190
3944,10086,16,1,1,1,1669,30,220
3945,10086,17,1,1,1,998,30,250
3946,10086,18,1,1,1,640,30,280
3947,10086,19,1,1,1,889,30,310
3948,10086,20,1,0,1,1045,0,310
3949,10086,21,1,1,1,734,30,340
3950,10086,22,1,0,1,1123,0,340
3951,10086,23,1,1,1,998,30,370
3952,10086,24,1,1,1,1435,30,400
3953,10086,25,1,0,1,593,0,400
3954,10086,26,0,1,1,421,10,410
3955,10086,27,1,1,1,1654,30,440
3956,10086,28,1,1,1,1404,30,470
3957,10086,29,1,0,1,1185,0,470
3958,10086,30,1,1,1,639,30,500
3959,10086,31,0,1,1,312,10,510
3960,10086,32,1,0,1,655,0,510
3961,10086,33,1,0,1,1045,0,510
3962,10086,34,0,1,1,1030,10,520
3963,10086,35,1,1,1,1747,30,550
3964,10086,36,1,0,1,1342,0,550
3965,10086,37,1,1,1,1982,30,580
3966,10086,38,1,0,1,639,0,580
3967,10086,39,1,1,0,0,0,580
3968,10086,40,1,1,1,1482,30,610
3969,10086,41,1,1,1,1809,30,640
3970,10086,42,1,1,1,1513,30,670
3971,10086,43,1,0,1,2512,0,670
3972,10086,44,1,0,1,1529,0,670
3973,10086,45,1,1,0,0,0,670
3974,10086,46,1,1,1,406,30,700
3975,10086,47,1,1,1,562,30,730
3976,10086,48,1,1,1,281,30,760
3977,10086,49,1,1,1,406,30,790
3978,10086,50,0,1,1,390,10,800
3979,10086,51,1,1,1,499,30,830
3980,10086,52,1,0,1,437,0,830
3981,10086,53,1,1,0,0,0,830
3982,10086,54,1,1,1,640,30,860
3983,10086,55,1,1,1,1295,30,890
3984,10086,56,1,1,1,951,30,920
3985,10086,57,1,1,1,780,30,950
3986,10086,58,1,1,1,671,30,980
3987,10086,59,1,0,1,936,0,980
3988,10087,0,1,0,1,1669,0,0
3989,10087,1,1,0,1,1123,0,0
3990,10087,2,1,1,1,1108,30,30
3991,10087,3,0,1,1,718,10,40
3992,10087,4,1,1,1,811,30,70
3993,10087,5,1,1,1,686,30,100
3994,10087,6,0,1,1,531,10,110
3995,10087,7,1,1,1,889,30,140
3996,10087,8,1,1,1,734,30,170
3997,10087,9,1,1,1,936,30,200
3998,10087,10,0,1,1,843,10,210
3999,10087,11,1,1,1,795,30,240
4000,10087,12,1,1,1,577,30,270
4001,10087,13,1,1,1,780,30,300
4002,10087,14,1,1,1,624,30,330
4003,10087,15,1,0,1,983,0,330
4004,10087,16,1,0,1,671,0,330
4005,10087,17,1,0,1,608,0,330
4006,10087,18,0,1,1,905,10,340
4007,10087,19,1,1,1,546,30,370
4008,10087,20,1,1,1,764,30,400
4009,10087,21,0,1,1,920,10,410
4010,10087,22,1,0,1,718,0,410
4011,10087,23,1,1,1,686,30,440
4012,10087,24,1,0,1,593,0,440
4013,10087,25,0,1,1,842,10,450
4014,10087,26,1,0,1,983,0,450
4015,10087,27,0,1,1,1825,10,460
4016,10087,28,1,0,1,780,0,460
4017,10087,29,1,0,1,484,0,460
4018,10087,30,0,1,1,608,10,470
4019,10087,31,0,1,1,422,10,480
4020,10087,32,1,1,1,546,30,510
4021,10087,33,0,1,1,748,10,520
4022,10087,34,1,1,1,531,30,550
4023,10087,35,1,1,1,967,30,580
4024,10087,36,1,1,1,531,30,610
4025,10087,37,1,1,1,843,30,640
4026,10087,38,1,0,1,592,0,640
4027,10087,39,0,1,1,390,10,650
4028,10087,40,1,0,1,702,0,650
4029,10087,41,0,1,1,296,10,660
4030,10087,42,0,1,1,764,10,670
4031,10087,43,0,1,1,936,10,680
4032,10087,44,1,1,1,858,30,710
4033,10087,45,1,0,1,608,0,710
4034,10087,46,1,0,1,546,0,710
4035,10087,47,0,1,1,593,10,720
4036,10087,48,1,1,1,858,30,750
4037,10087,49,1,0,1,531,0,750
4038,10087,50,0,1,1,983,10,760
4039,10087,51,0,1,1,1029,10,770
4040,10087,52,1,1,1,546,30,800
4041,10087,53,1,1,1,733,30,830
4042,10087,54,1,0,1,530,0,830
4043,10087,55,1,1,1,546,30,860
4044,10087,56,1,0,1,764,0,860
4045,10087,57,0,1,1,780,10,870
4046,10087,58,1,1,1,1014,30,900
4047,10087,59,0,1,1,764,10,910
4048,10088,0,1,1,1,936,30,30
4049,10088,1,1,1,1,546,30,60
4050,10088,2,1,1,1,780,30,90
4051,10088,3,0,1,1,842,10,100
4052,10088,4,1,1,1,1201,30,130
4053,10088,5,1,1,1,1217,30,160
4054,10088,6,1,1,1,967,30,190
4055,10088,7,1,0,1,905,0,190
4056,10088,8,1,1,1,795,30,220
4057,10088,9,1,0,1,796,0,220
4058,10088,10,1,1,1,702,30,250
4059,10088,11,1,1,1,1139,30,280
4060,10088,12,1,1,1,905,30,310
4061,10088,13,1,1,1,702,30,340
4062,10088,14,1,1,1,795,30,370
4063,10088,15,1,1,1,1139,30,400
4064,10088,16,1,1,1,936,30,430
4065,10088,17,1,1,1,967,30,460
4066,10088,18,1,0,1,827,0,460
4067,10088,19,1,1,1,640,30,490
4068,10088,20,1,1,1,1029,30,520
4069,10088,21,1,0,1,1450,0,520
4070,10088,22,1,1,1,796,30,550
4071,10088,23,1,0,1,1061,0,550
4072,10088,24,1,1,1,1123,30,580
4073,10088,25,0,1,1,983,10,590
4074,10088,26,1,0,1,702,0,590
4075,10088,27,1,0,1,593,0,590
4076,10088,28,1,1,1,640,30,620
4077,10088,29,1,0,1,811,0,620
4078,10088,30,1,0,1,920,0,620
4079,10088,31,1,0,1,639,0,620
4080,10088,32,1,1,1,733,30,650
4081,10088,33,1,1,1,593,30,680
4082,10088,34,1,0,1,734,0,680
4083,10088,35,1,0,1,655,0,680
4084,10088,36,1,1,1,764,30,710
4085,10088,37,1,0,1,702,0,710
4086,10088,38,1,0,1,577,0,710
4087,10088,39,1,1,1,640,30,740
4088,10088,40,1,1,1,656,30,770
4089,10088,41,1,1,1,577,30,800
4090,10088,42,1,1,1,670,30,830
4091,10088,43,1,1,1,639,30,860
4092,10088,44,1,1,1,702,30,890
4093,10088,45,1,1,1,686,30,920
4094,10088,46,1,1,1,921,30,950
4095,10088,47,1,1,1,546,30,980
4096,10088,48,1,0,1,608,0,980
4097,10088,49,1,1,1,749,30,1010
4098,10088,50,1,1,1,655,30,1040
4099,10088,51,1,1,1,656,30,1070
4100,10088,52,1,0,1,889,0,1070
4101,10088,53,1,1,1,609,30,1100
4102,10088,54,1,0,1,920,0,1100
4103,10088,55,1,1,1,905,30,1130
4104,10088,56,1,1,1,671,30,1160
4105,10088,57,1,1,1,749,30,1190
4106,10088,58,1,0,1,484,0,1190
4107,10088,59,1,1,1,749,30,1220
4108,10089,0,1,1,1,2574,30,30
4109,10089,1,1,1,1,982,30,60
4110,10089,2,1,1,1,1950,30,90
4111,10089,3,1,1,1,2168,30,120
4112,10089,4,1,1,1,201157348,30,150
4113,10089,5,1,1,1,1062,30,180
4114,10089,6,1,1,1,952,30,210
4115,10089,7,1,1,1,1078,30,240
4116,10089,8,1,0,1,1233,0,240
4117,10089,9,1,1,1,1295,30,270
4118,10089,10,1,1,1,1279,30,300
4119,10089,11,1,1,1,967,30,330
4120,10089,12,1,1,1,1295,30,360
4121,10089,13,1,1,1,1326,30,390
4122,10089,14,1,0,1,1342,0,390
4123,10089,15,1,1,1,608,30,420
4124,10089,16,1,1,1,1045,30,450
4125,10089,17,1,0,1,874,0,450
4126,10089,18,1,0,1,1123,0,450
4127,10089,19,0,1,1,843,10,460
4128,10089,20,1,0,1,1451,0,460
4129,10089,21,0,1,1,468,10,470
4130,10089,22,0,1,1,764,10,480
4131,10089,23,0,1,1,826,10,490
4132,10089,24,1,0,1,624,0,490
4133,10089,25,1,0,1,764,0,490
4134,10089,26,0,1,1,201704597,10,500
4135,10089,27,0,1,1,201727357,10,510
4136,10089,28,0,1,1,904,10,520
4137,10089,29,0,1,1,734,10,530
4138,10089,30,1,0,1,936,0,530
4139,10089,31,0,1,1,686,10,540
4140,10089,32,0,1,1,780,10,550
4141,10089,33,0,1,1,967,10,560
4142,10089,34,0,1,1,1622,10,570
4143,10089,35,0,1,1,967,10,580
4144,10089,36,0,1,1,1014,10,590
4145,10089,37,0,1,1,905,10,600
4146,10089,38,0,1,1,843,10,610
4147,10089,39,1,0,1,811,0,610
4148,10089,40,0,1,1,905,10,620
4149,10089,41,0,1,1,1747,10,630
4150,10089,42,0,1,1,765,10,640
4151,10089,43,0,1,1,858,10,650
4152,10089,44,0,1,1,1763,10,660
4153,10089,45,0,1,1,1373,10,670
4154,10089,46,0,1,1,2200,10,680
4155,10089,47,0,1,1,1030,10,690
4156,10089,48,0,1,1,905,10,700
4157,10089,49,0,1,1,593,10,710
4158,10089,50,0,1,1,905,10,720
4159,10089,51,0,1,1,671,10,730
4160,10089,52,0,1,1,842,10,740
4161,10089,53,0,1,1,1637,10,750
4162,10089,54,0,1,1,1342,10,760
4163,10089,55,0,1,1,998,10,770
4164,10089,56,1,1,1,733,30,800
4165,10089,57,0,1,1,1030,10,810
4166,10089,58,1,1,1,1139,30,840
4167,10089,59,0,1,1,2637,10,850
4168,10090,0,1,1,1,1014,30,30
4169,10090,1,1,1,1,1419,30,60
4170,10090,2,1,1,1,2137,30,90
4171,10090,3,1,1,1,1466,30,120
4172,10090,4,1,1,1,1560,30,150
4173,10090,5,1,0,1,1373,0,150
4174,10090,6,1,1,1,1154,30,180
4175,10090,7,1,0,1,1482,0,180
4176,10090,8,1,1,1,952,30,210
4177,10090,9,1,1,1,1092,30,240
4178,10090,10,1,1,1,1872,30,270
4179,10090,11,1,0,1,1716,0,270
4180,10090,12,1,0,1,1731,0,270
4181,10090,13,1,1,1,1482,30,300
4182,10090,14,1,1,1,1919,30,330
4183,10090,15,1,1,1,1919,30,360
4184,10090,16,1,0,1,1186,0,360
4185,10090,17,1,1,1,1966,30,390
4186,10090,18,1,1,1,1154,30,420
4187,10090,19,1,1,1,1436,30,450
4188,10090,20,1,0,1,1420,0,450
4189,10090,21,0,1,1,2933,10,460
4190,10090,22,0,1,1,780,10,470
4191,10090,23,0,1,1,921,10,480
4192,10090,24,0,1,1,2496,10,490
4193,10090,25,0,1,1,920,10,500
4194,10090,26,1,0,1,1638,0,500
4195,10090,27,1,0,1,1045,0,500
4196,10090,28,1,1,1,1263,30,530
4197,10090,29,1,1,1,1045,30,560
4198,10090,30,1,0,1,1357,0,560
4199,10090,31,0,1,1,1045,10,570
4200,10090,32,0,1,1,749,10,580
4201,10090,33,0,1,1,811,10,590
4202,10090,34,0,1,1,1170,10,600
4203,10090,35,0,1,1,1155,10,610
4204,10090,36,0,1,1,920,10,620
4205,10090,37,1,0,1,1576,0,620
4206,10090,38,1,1,1,1170,30,650
4207,10090,39,1,0,1,1123,0,650
4208,10090,40,0,1,1,1700,10,660
4209,10090,41,0,1,1,982,10,670
4210,10090,42,0,1,1,811,10,680
4211,10090,43,0,1,1,1170,10,690
4212,10090,44,0,1,1,1233,10,700
4213,10090,45,0,1,1,1076,10,710
4214,10090,46,0,1,1,889,10,720
4215,10090,47,0,1,1,812,10,730
4216,10090,48,0,1,1,889,10,740
4217,10090,49,0,1,1,796,10,750
4218,10090,50,0,1,1,1046,10,760
4219,10090,51,0,1,1,1389,10,770
4220,10090,52,1,1,1,2152,30,800
4221,10090,53,1,1,1,1185,30,830
4222,10090,54,0,1,1,967,10,840
4223,10090,55,1,1,1,1685,30,870
4224,10090,56,1,1,1,827,30,900
4225,10090,57,1,1,1,920,30,930
4226,10090,58,1,1,1,998,30,960
4227,10090,59,1,1,1,874,30,990
4228,10091,0,1,0,1,1435,0,0
4229,10091,1,1,1,1,998,30,30
4230,10091,2,1,1,1,827,30,60
4231,10091,3,1,1,1,1045,30,90
4232,10091,4,1,1,1,1030,30,120
4233,10091,5,1,1,1,921,30,150
4234,10091,6,1,1,1,967,30,180
4235,10091,7,1,1,1,842,30,210
4236,10091,8,1,0,1,1139,0,210
4237,10091,9,1,1,0,0,0,210
4238,10091,10,1,1,1,1467,30,240
4239,10091,11,1,1,1,812,30,270
4240,10091,12,1,1,1,609,30,300
4241,10091,13,1,0,1,780,0,300
4242,10091,14,1,0,1,1077,0,300
4243,10091,15,0,1,1,1419,10,310
4244,10091,16,1,1,1,1123,30,340
4245,10091,17,1,1,1,843,30,370
4246,10091,18,1,1,1,858,30,400
4247,10091,19,1,1,1,952,30,430
4248,10091,20,1,0,1,1076,0,430
4249,10091,21,1,1,1,796,30,460
4250,10091,22,1,0,1,702,0,460
4251,10091,23,1,1,1,780,30,490
4252,10091,24,1,0,1,593,0,490
4253,10091,25,1,1,1,982,30,520
4254,10091,26,1,0,1,1014,0,520
4255,10091,27,1,0,1,390,0,520
4256,10091,28,0,1,1,764,10,530
4257,10091,29,1,1,1,421,30,560
4258,10091,30,1,1,1,484,30,590
4259,10091,31,1,0,1,717,0,590
4260,10091,32,1,0,1,718,0,590
4261,10091,33,0,1,1,531,10,600
4262,10091,34,0,1,1,530,10,610
4263,10091,35,1,1,1,577,30,640
4264,10091,36,1,0,1,468,0,640
4265,10091,37,1,1,1,967,30,670
4266,10091,38,1,1,1,687,30,700
4267,10091,39,1,0,1,483,0,700
4268,10091,40,1,1,1,593,30,730
4269,10091,41,1,0,1,655,0,730
4270,10091,42,1,0,1,967,0,730
4271,10091,43,0,1,1,702,10,740
4272,10091,44,1,1,1,1342,30,770
4273,10091,45,1,1,1,733,30,800
4274,10091,46,1,1,1,655,30,830
4275,10091,47,1,1,1,843,30,860
4276,10091,48,1,1,1,858,30,890
4277,10091,49,1,1,1,608,30,920
4278,10091,50,1,1,1,1046,30,950
4279,10091,51,1,1,1,484,30,980
4280,10091,52,1,0,1,983,0,980
4281,10091,53,1,1,1,889,30,1010
4282,10091,54,1,1,1,905,30,1040
4283,10091,55,1,1,1,546,30,1070
4284,10091,56,1,1,1,795,30,1100
4285,10091,57,1,1,1,655,30,1130
4286,10091,58,1,0,1,764,0,1130
4287,10091,59,0,1,1,999,10,1140
4291,10093,0,1,1,1,656,30,30
4292,10093,1,1,1,1,765,30,60
4293,10093,2,1,1,1,1138,30,90
4294,10093,3,1,1,1,452,30,120
4295,10093,4,1,1,1,406,30,150
4296,10093,5,0,1,1,802290829,10,160
4297,10093,6,0,1,1,375,10,170
4298,10093,7,0,1,1,437,10,180
4299,10093,8,0,1,1,390,10,190
4300,10093,9,0,1,1,422,10,200
4301,10093,10,0,1,1,1170,10,210
4302,10093,11,0,1,1,390,10,220
4303,10093,12,0,1,1,452,10,230
4304,10093,13,0,1,1,624,10,240
4305,10093,14,0,1,1,1326,10,250
4306,10093,15,0,1,1,437,10,260
4307,10093,16,0,1,1,780,10,270
4308,10093,17,0,1,1,717,10,280
4309,10093,18,0,1,1,796,10,290
4310,10093,19,0,1,1,593,10,300
4311,10093,20,0,1,1,1233,10,310
4312,10093,21,0,1,1,640,10,320
4313,10093,22,0,1,1,702,10,330
4314,10093,23,0,1,1,874,10,340
4315,10093,24,0,1,1,562,10,350
4316,10093,25,0,1,1,515,10,360
4317,10093,26,0,1,1,702,10,370
4318,10093,27,0,1,1,390,10,380
4319,10093,28,0,1,1,639,10,390
4320,10093,29,1,0,1,749,0,390
4321,10093,30,1,1,0,0,0,390
4322,10093,31,0,1,1,561,10,400
4323,10093,32,0,1,1,765,10,410
4324,10093,33,0,1,1,468,10,420
4325,10093,34,0,1,1,655,10,430
4326,10093,35,0,1,1,484,10,440
4327,10093,36,0,1,1,484,10,450
4328,10093,37,0,1,1,562,10,460
4329,10093,38,0,1,1,718,10,470
4330,10093,39,0,1,1,733,10,480
4331,10093,40,0,1,1,702,10,490
4332,10093,41,0,1,1,639,10,500
4333,10093,42,0,1,1,780,10,510
4334,10093,43,0,1,1,671,10,520
4335,10093,44,0,1,1,1123,10,530
4336,10093,45,0,1,1,499,10,540
4337,10093,46,0,1,1,436,10,550
4338,10093,47,0,1,1,983,10,560
4339,10093,48,0,1,1,718,10,570
4340,10093,49,0,1,1,608,10,580
4341,10093,50,0,1,1,1092,10,590
4342,10093,51,0,1,1,733,10,600
4343,10093,52,0,1,1,655,10,610
4344,10093,53,0,1,1,780,10,620
4345,10093,54,0,1,1,562,10,630
4346,10093,55,0,1,1,593,10,640
4347,10093,56,0,1,1,546,10,650
4348,10093,57,0,1,1,780,10,660
4349,10093,58,0,1,1,717,10,670
4350,10093,59,0,1,1,546,10,680
4351,10094,0,1,1,1,1638,30,30
4352,10094,1,1,1,1,718,30,60
4353,10094,2,0,1,1,780,10,70
4354,10094,3,1,1,1,483,30,100
4355,10094,4,0,1,1,530,10,110
4356,10094,5,1,1,1,453,30,140
4357,10094,6,1,1,1,546,30,170
4358,10094,7,0,1,1,406,10,180
4359,10094,8,1,0,1,406,0,180
4360,10094,9,1,1,1,546,30,210
4361,10094,10,1,0,1,780,0,210
4362,10094,11,0,1,1,608,10,220
4363,10094,12,1,1,1,515,30,250
4364,10094,13,1,1,1,561,30,280
4365,10094,14,0,1,1,468,10,290
4366,10094,15,1,1,1,546,30,320
4367,10094,16,1,0,1,312,0,320
4368,10094,17,0,1,1,484,10,330
4369,10094,18,1,1,1,312,30,360
4370,10094,19,1,0,1,374,0,360
4371,10094,20,0,1,1,531,10,370
4372,10094,21,1,1,1,593,30,400
4373,10094,22,0,1,1,436,10,410
4374,10094,23,1,1,1,312,30,440
4375,10094,24,0,1,1,374,10,450
4376,10094,25,1,0,1,452,0,450
4377,10094,26,0,1,1,702,10,460
4378,10094,27,1,1,1,562,30,490
4379,10094,28,1,1,1,344,30,520
4380,10094,29,0,1,1,499,10,530
4381,10094,30,1,0,1,639,0,530
4382,10094,31,1,0,1,437,0,530
4383,10094,32,0,1,1,421,10,540
4384,10094,33,0,1,1,281,10,550
4385,10094,34,1,0,1,499,0,550
4386,10094,35,0,1,1,344,10,560
4387,10094,36,1,1,1,265,30,590
4388,10094,37,1,0,1,592,0,590
4389,10094,38,0,1,1,328,10,600
4390,10094,39,1,1,1,639,30,630
4391,10094,40,1,1,1,359,30,660
4392,10094,41,1,1,1,312,30,690
4393,10094,42,1,1,1,421,30,720
4394,10094,43,0,1,1,390,10,730
4395,10094,44,1,1,1,593,30,760
4396,10094,45,1,1,1,390,30,790
4397,10094,46,1,1,1,561,30,820
4398,10094,47,0,1,1,733,10,830
4399,10094,48,1,1,1,468,30,860
4400,10094,49,1,1,1,483,30,890
4401,10094,50,1,1,1,421,30,920
4402,10094,51,1,1,1,421,30,950
4403,10094,52,0,1,1,577,10,960
4404,10094,53,1,1,1,453,30,990
4405,10094,54,1,1,1,531,30,1020
4406,10094,55,0,1,1,452,10,1030
4407,10094,56,1,0,1,453,0,1030
4408,10094,57,0,1,1,375,10,1040
4409,10094,58,1,1,1,483,30,1070
4410,10094,59,1,1,1,343,30,1100
4411,10096,0,0,1,0,0,0,0
4412,10096,1,0,1,1,530,10,10
4413,10096,2,1,1,1,809560686,30,40
4414,10096,3,1,1,1,1014,30,70
4415,10096,4,1,1,1,1202,30,100
4416,10096,5,1,1,1,1170,30,130
4417,10096,6,1,0,1,905,0,130
4418,10096,7,1,1,1,998,30,160
4419,10096,8,0,1,1,936,10,170
4420,10096,9,1,1,1,765,30,200
4421,10096,10,1,0,1,1092,0,200
4422,10096,11,1,1,1,624,30,230
4423,10096,12,0,1,1,920,10,240
4424,10096,13,1,1,1,967,30,270
4425,10096,14,1,0,1,1030,0,270
4426,10096,15,0,1,1,936,10,280
4427,10096,16,1,1,1,1607,30,310
4428,10096,17,1,1,1,952,30,340
4429,10096,18,1,1,1,951,30,370
4430,10096,19,1,1,1,1060,30,400
4431,10096,20,1,1,1,1092,30,430
4432,10096,21,1,0,1,905,0,430
4433,10096,22,0,1,1,873,10,440
4434,10096,23,0,1,1,1108,10,450
4435,10096,24,1,0,1,889,0,450
4436,10096,25,0,1,1,858,10,460
4437,10096,26,0,1,1,811,10,470
4438,10096,27,0,1,1,998,10,480
4439,10096,28,0,1,1,936,10,490
4440,10096,29,1,0,1,1295,0,490
4441,10096,30,0,1,1,1279,10,500
4442,10096,31,0,1,1,1154,10,510
4443,10096,32,0,1,1,1045,10,520
4444,10096,33,0,1,1,889,10,530
4445,10096,34,1,0,1,1139,0,530
4446,10096,35,0,1,1,1155,10,540
4447,10096,36,0,1,1,1014,10,550
4448,10096,37,0,1,1,1435,10,560
4449,10096,38,1,0,1,983,0,560
4450,10096,39,0,1,1,1185,10,570
4451,10096,40,0,1,1,1076,10,580
4452,10096,41,0,1,1,1045,10,590
4453,10096,42,0,1,1,889,10,600
4454,10096,43,0,1,1,1279,10,610
4455,10096,44,0,1,1,1077,10,620
4456,10096,45,1,1,1,1311,30,650
4457,10096,46,1,1,1,1076,30,680
4458,10096,47,1,1,1,1045,30,710
4459,10096,48,1,1,1,1014,30,740
4460,10096,49,1,1,1,1061,30,770
4461,10096,50,1,1,1,1436,30,800
4462,10096,51,1,0,1,1030,0,800
4463,10096,52,0,1,1,1123,10,810
4464,10096,53,0,1,1,1170,10,820
4465,10096,54,1,1,1,827,30,850
4466,10096,55,1,1,1,1092,30,880
4467,10096,56,0,1,1,1030,10,890
4468,10096,57,1,1,1,1014,30,920
4469,10096,58,0,1,1,842,10,930
4470,10096,59,1,1,1,1124,30,960
4471,10097,0,0,1,0,0,0,0
4472,10097,1,1,1,1,2652,30,30
4473,10097,2,1,1,1,1342,30,60
4474,10097,3,1,1,1,358,30,90
4475,10097,4,0,1,1,796,10,100
4476,10097,5,1,1,1,1123,30,130
4477,10097,6,1,0,1,1466,0,130
4478,10097,7,0,1,1,1123,10,140
4479,10097,8,0,1,1,608,10,150
4480,10097,9,1,1,1,1046,30,180
4481,10097,10,1,1,1,1185,30,210
4482,10097,11,1,1,1,2028,30,240
4483,10097,12,1,1,1,920,30,270
4484,10097,13,1,1,1,1373,30,300
4485,10097,14,1,1,1,952,30,330
4486,10097,15,1,1,1,702,30,360
4487,10097,16,1,1,1,734,30,390
4488,10097,17,1,0,1,717,0,390
4489,10097,18,1,0,1,904,0,390
4490,10097,19,0,1,1,702,10,400
4491,10097,20,1,1,1,1014,30,430
4492,10097,21,1,1,1,671,30,460
4493,10097,22,1,1,1,1124,30,490
4494,10097,23,1,0,1,967,0,490
4495,10097,24,0,1,1,1622,10,500
4496,10097,25,0,1,1,764,10,510
4497,10097,26,1,0,1,998,0,510
4498,10097,27,1,0,1,811,0,510
4499,10097,28,0,1,1,1108,10,520
4500,10097,29,0,1,1,2184,10,530
4501,10097,30,1,1,1,702,30,560
4502,10097,31,1,0,1,748,0,560
4503,10097,32,0,1,1,890,10,570
4504,10097,33,0,1,1,920,10,580
4505,10097,34,0,1,1,609,10,590
4506,10097,35,1,0,1,1077,0,590
4507,10097,36,0,1,1,826,10,600
4508,10097,37,1,0,1,796,0,600
4509,10097,38,0,1,1,998,10,610
4510,10097,39,0,1,1,1607,10,620
4511,10097,40,1,1,1,843,30,650
4512,10097,41,1,1,1,874,30,680
4513,10097,42,1,1,1,1014,30,710
4514,10097,43,1,1,1,1388,30,740
4515,10097,44,1,1,1,1248,30,770
4516,10097,45,1,0,1,1107,0,770
4517,10097,46,0,1,1,1435,10,780
4518,10097,47,1,1,1,2091,30,810
4519,10097,48,1,1,1,749,30,840
4520,10097,49,1,1,1,656,30,870
4521,10097,50,1,1,1,1389,30,900
4522,10097,51,1,1,1,749,30,930
4523,10097,52,1,1,1,577,30,960
4524,10097,53,1,1,1,811,30,990
4525,10097,54,1,1,1,718,30,1020
4526,10097,55,1,1,1,2200,30,1050
4527,10097,56,1,1,1,796,30,1080
4528,10097,57,1,1,1,686,30,1110
4529,10097,58,1,0,1,982,0,1110
4530,10097,59,1,0,1,702,0,1110
4591,10099,0,1,1,1,1123,30,30
4592,10099,1,1,1,1,530,30,60
4593,10099,2,1,1,1,531,30,90
4594,10099,3,1,1,1,468,30,120
4595,10099,4,1,1,1,390,30,150
4596,10099,5,1,1,1,624,30,180
4597,10099,6,1,1,1,437,30,210
4598,10099,7,1,1,1,499,30,240
4599,10099,8,1,1,1,390,30,270
4600,10099,9,1,1,1,483,30,300
4601,10099,10,1,1,1,936,30,330
4602,10099,11,1,1,1,983,30,360
4603,10099,12,1,1,1,468,30,390
4604,10099,13,1,1,1,436,30,420
4605,10099,14,1,1,1,562,30,450
4606,10099,15,1,1,1,359,30,480
4607,10099,16,1,1,1,375,30,510
4608,10099,17,1,1,1,343,30,540
4609,10099,18,1,1,1,499,30,570
4610,10099,19,1,1,1,453,30,600
4611,10099,20,1,1,1,686,30,630
4612,10099,21,1,0,1,530,0,630
4613,10099,22,1,1,1,452,30,660
4614,10099,23,1,0,1,546,0,660
4615,10099,24,1,1,1,437,30,690
4616,10099,25,1,1,1,499,30,720
4617,10099,26,1,0,1,562,0,720
4618,10099,27,1,1,1,499,30,750
4619,10099,28,1,1,1,374,30,780
4620,10099,29,0,1,1,390,10,790
4621,10099,30,1,0,1,921,0,790
4622,10099,31,1,1,1,889,30,820
4623,10099,32,1,0,1,500,0,820
4624,10099,33,1,1,1,530,30,850
4625,10099,34,1,1,1,499,30,880
4626,10099,35,1,1,1,562,30,910
4627,10099,36,0,1,1,390,10,920
4628,10099,37,1,0,1,468,0,920
4629,10099,38,1,1,1,484,30,950
4630,10099,39,1,1,1,515,30,980
4631,10099,40,1,1,1,561,30,1010
4632,10099,41,1,1,1,577,30,1040
4633,10099,42,1,1,1,484,30,1070
4634,10099,43,0,1,1,546,10,1080
4635,10099,44,1,1,1,515,30,1110
4636,10099,45,1,1,1,359,30,1140
4637,10099,46,1,1,1,452,30,1170
4638,10099,47,0,1,1,499,10,1180
4639,10099,48,1,1,1,499,30,1210
4640,10099,49,1,1,1,561,30,1240
4641,10099,50,1,1,1,780,30,1270
4642,10099,51,1,1,1,453,30,1300
4643,10099,52,0,1,1,702,10,1310
4644,10099,53,1,1,1,483,30,1340
4645,10099,54,1,1,1,499,30,1370
4646,10099,55,1,1,1,483,30,1400
4647,10099,56,0,1,1,734,10,1410
4648,10099,57,1,1,1,484,30,1440
4649,10099,58,1,1,1,499,30,1470
4650,10099,59,1,1,1,500,30,1500
4651,100100,0,0,1,1,2121,10,10
4652,100100,1,0,1,1,1139,10,20
4653,100100,2,1,1,1,1139,30,50
4654,100100,3,0,1,1,655,10,60
4655,100100,4,0,1,1,1408455245,10,70
4656,100100,5,0,1,1,1217,10,80
4657,100100,6,1,1,1,1155,30,110
4658,100100,7,1,1,1,1280,30,140
4659,100100,8,1,0,1,686,0,140
4660,100100,9,1,1,1,686,30,170
4661,100100,10,1,1,1,1217,30,200
4662,100100,11,1,1,1,639,30,230
4663,100100,12,1,1,1,514,30,260
4664,100100,13,0,1,1,749,10,270
4665,100100,14,0,1,1,951,10,280
4666,100100,15,0,1,1,468,10,290
4667,100100,16,1,1,1,592,30,320
4668,100100,17,1,1,1,437,30,350
4669,100100,18,1,1,1,593,30,380
4670,100100,19,0,1,1,562,10,390
4671,100100,20,1,1,1,640,30,420
4672,100100,21,1,0,1,795,0,420
4673,100100,22,0,1,1,952,10,430
4674,100100,23,0,1,1,842,10,440
4675,100100,24,0,1,1,920,10,450
4676,100100,25,0,1,1,890,10,460
4677,100100,26,0,1,1,1077,10,470
4678,100100,27,0,1,1,826,10,480
4679,100100,28,0,1,1,1409047126,10,490
4680,100100,29,0,1,1,639,10,500
4681,100100,30,1,0,1,1810,0,500
4682,100100,31,1,1,1,1498,30,530
4683,100100,32,0,1,1,1311,10,540
4684,100100,33,0,1,1,1310,10,550
4685,100100,34,0,1,1,1996,10,560
4686,100100,35,0,1,1,686,10,570
4687,100100,36,0,1,1,1451,10,580
4688,100100,37,1,0,1,1326,0,580
4689,100100,38,1,0,1,671,0,580
4690,100100,39,0,1,1,1232,10,590
4691,100100,40,1,1,1,1809,30,620
4692,100100,41,1,0,1,998,0,620
4693,100100,42,1,0,1,1263,0,620
4694,100100,43,0,1,1,734,10,630
4695,100100,44,0,1,1,905,10,640
4696,100100,45,0,1,1,2652,10,650
4697,100100,46,1,0,1,1202,0,650
4698,100100,47,1,1,1,1155,30,680
4699,100100,48,1,1,1,1123,30,710
4700,100100,49,1,1,1,1185,30,740
4701,100100,50,0,1,1,1857,10,750
4702,100100,51,1,0,1,1232,0,750
4703,100100,52,1,1,1,1420,30,780
4704,100100,53,1,0,1,1794,0,780
4705,100100,54,1,1,0,0,0,780
4706,100100,55,0,1,1,936,10,790
4707,100100,56,0,1,1,874,10,800
4708,100100,57,0,1,1,998,10,810
4709,100100,58,1,1,1,796,30,840
4710,100100,59,1,1,1,1638,30,870
4711,100101,0,1,1,1,1280,30,30
4712,100101,1,0,1,1,468,10,40
4713,100101,2,1,1,1,562,30,70
4714,100101,3,1,1,1,375,30,100
4715,100101,4,0,1,1,546,10,110
4716,100101,5,1,1,1,375,30,140
4717,100101,6,1,1,1,577,30,170
4718,100101,7,0,1,1,561,10,180
4719,100101,8,1,0,1,468,0,180
4720,100101,9,1,1,1,359,30,210
4721,100101,10,1,1,1,437,30,240
4722,100101,11,1,0,1,468,0,240
4723,100101,12,0,1,1,406,10,250
4724,100101,13,1,1,1,468,30,280
4725,100101,14,1,1,1,733,30,310
4726,100101,15,0,1,1,624,10,320
4727,100101,16,1,1,1,484,30,350
4728,100101,17,1,1,1,483,30,380
4729,100101,18,1,1,1,359,30,410
4730,100101,19,1,0,1,546,0,410
4731,100101,20,0,1,1,499,10,420
4732,100101,21,0,1,1,483,10,430
4733,100101,22,1,1,1,374,30,460
4734,100101,23,1,1,1,468,30,490
4735,100101,24,1,0,1,468,0,490
4736,100101,25,0,1,1,686,10,500
4737,100101,26,1,0,1,530,0,500
4738,100101,27,0,1,1,390,10,510
4739,100101,28,1,0,1,483,0,510
4740,100101,29,0,1,1,390,10,520
4741,100101,30,0,1,1,453,10,530
4742,100101,31,1,1,1,437,30,560
4743,100101,32,0,1,1,468,10,570
4744,100101,33,1,1,1,640,30,600
4745,100101,34,1,1,1,499,30,630
4746,100101,35,1,0,1,593,0,630
4747,100101,36,0,1,1,359,10,640
4748,100101,37,0,1,1,436,10,650
4749,100101,38,1,1,1,390,30,680
4750,100101,39,1,0,1,1061,0,680
4751,100101,40,1,0,1,827,0,680
4752,100101,41,0,1,1,405,10,690
4753,100101,42,0,1,1,452,10,700
4754,100101,43,1,1,1,499,30,730
4755,100101,44,0,1,1,468,10,740
4756,100101,45,0,1,1,827,10,750
4757,100101,46,1,0,1,577,0,750
4758,100101,47,1,1,1,889,30,780
4759,100101,48,0,1,1,624,10,790
4760,100101,49,1,0,1,655,0,790
4761,100101,50,1,1,1,1045,30,820
4762,100101,51,0,1,1,453,10,830
4763,100101,52,1,1,1,406,30,860
4764,100101,53,1,0,1,515,0,860
4765,100101,54,0,1,1,577,10,870
4766,100101,55,1,1,1,624,30,900
4767,100101,56,1,1,1,764,30,930
4768,100101,57,0,1,1,406,10,940
4769,100101,58,0,1,1,608,10,950
4770,100101,59,0,1,1,811,10,960
4831,100103,0,0,1,0,0,0,0
4832,100103,1,1,0,1,2434,0,0
4833,100103,2,0,1,1,748,10,10
4834,100103,3,0,1,1,702,10,20
4835,100103,4,0,1,1,1638,10,30
4836,100103,5,0,1,1,827,10,40
4837,100103,6,1,1,1,1669,30,70
4838,100103,7,0,1,1,764,10,80
4839,100103,8,0,1,1,1279,10,90
4840,100103,9,1,1,1,983,30,120
4841,100103,10,0,1,1,874,10,130
4842,100103,11,1,1,1,1061,30,160
4843,100103,12,0,1,1,499,10,170
4844,100103,13,0,1,1,1217,10,180
4845,100103,14,1,1,1,1388,30,210
4846,100103,15,0,1,1,1826,10,220
4847,100103,16,1,0,1,796,0,220
4848,100103,17,0,1,1,577,10,230
4849,100103,18,0,1,1,1045,10,240
4850,100103,19,0,1,1,1342,10,250
4851,100103,20,0,1,1,1622,10,260
4852,100103,21,1,0,1,952,0,260
4853,100103,22,1,1,1,687,30,290
4854,100103,23,1,0,1,764,0,290
4855,100103,24,0,1,1,530,10,300
4856,100103,25,0,1,1,-1670372600,10,310
4857,100103,26,1,0,1,1638,0,310
4858,100103,27,0,1,1,530,10,320
4859,100103,28,0,1,1,515,10,330
4860,100103,29,1,1,1,1030,30,360
4861,100103,30,0,1,1,1279,10,370
4862,100103,31,1,0,1,1482,0,370
4863,100103,32,1,0,1,702,0,370
4864,100103,33,0,1,1,515,10,380
4865,100103,34,0,1,1,1077,10,390
4866,100103,35,1,1,1,670,30,420
4867,100103,36,0,1,1,889,10,430
4868,100103,37,1,0,1,1092,0,430
4869,100103,38,1,1,1,795,30,460
4870,100103,39,1,1,1,1684,30,490
4871,100103,40,0,1,1,1326,10,500
4872,100103,41,0,1,1,1233,10,510
4873,100103,42,0,1,1,904,10,520
4874,100103,43,0,1,1,1420,10,530
4875,100103,44,1,1,1,1716,30,560
4876,100103,45,0,1,1,1123,10,570
4877,100103,46,1,1,1,624,30,600
4878,100103,47,1,1,1,452,30,630
4879,100103,48,1,0,1,500,0,630
4880,100103,49,1,0,1,453,0,630
4881,100103,50,0,1,1,2028,10,640
4882,100103,51,0,1,1,905,10,650
4883,100103,52,1,1,1,1279,30,680
4884,100103,53,0,1,1,905,10,690
4885,100103,54,0,1,1,437,10,700
4886,100103,55,1,1,1,-1669625592,30,730
4887,100103,56,1,1,1,795,30,760
4888,100103,57,1,1,1,733,30,790
4889,100103,58,1,0,1,1124,0,790
4890,100103,59,1,1,1,437,30,820
4891,100104,0,0,1,1,1622,10,10
4892,100104,1,1,0,1,1466,0,10
4893,100104,2,1,1,1,1451,30,40
4894,100104,3,1,1,1,1061,30,70
4895,100104,4,0,1,1,1498,10,80
4896,100104,5,1,1,1,1295,30,110
4897,100104,6,1,1,1,1919,30,140
4898,100104,7,0,1,1,1373,10,150
4899,100104,8,0,1,1,2558,10,160
4900,100104,9,1,1,1,1217,30,190
4901,100104,10,1,1,1,1155,30,220
4902,100104,11,1,1,1,2028,30,250
4903,100104,12,1,1,1,1280,30,280
4904,100104,13,1,1,1,905,30,310
4905,100104,14,1,1,1,1918,30,340
4906,100104,15,0,1,1,592,10,350
4907,100104,16,0,1,1,1030,10,360
4908,100104,17,1,0,1,1170,0,360
4909,100104,18,1,1,1,1279,30,390
4910,100104,19,1,1,1,124,30,420
4911,100104,20,1,1,1,749,30,450
4912,100104,21,0,1,1,765,10,460
4913,100104,22,0,1,1,562,10,470
4914,100104,23,1,1,1,188,30,500
4915,100104,24,1,0,1,905,0,500
4916,100104,25,0,1,1,577,10,510
4917,100104,26,0,1,1,109,10,520
4918,100104,27,0,1,1,453,10,530
4919,100104,28,0,1,1,468,10,540
4920,100104,29,1,0,1,749,0,540
4921,100104,30,0,1,1,0,10,550
4922,100104,31,0,1,1,406,10,560
4923,100104,32,1,1,1,296,30,590
4924,100104,33,1,1,1,639,30,620
4925,100104,34,1,1,1,874,30,650
4926,100104,35,1,1,1,437,30,680
4927,100104,36,1,1,1,499,30,710
4928,100104,37,0,1,1,562,10,720
4929,100104,38,0,1,1,530,10,730
4930,100104,39,0,1,1,328,10,740
4931,100104,40,1,1,1,749,30,770
4932,100104,41,0,1,1,546,10,780
4933,100104,42,1,1,1,281,30,810
4934,100104,43,1,1,1,515,30,840
4935,100104,44,1,0,1,795,0,840
4936,100104,45,1,1,1,640,30,870
4937,100104,46,1,1,1,749,30,900
4938,100104,47,1,1,1,593,30,930
4939,100104,48,1,1,1,795,30,960
4940,100104,49,1,1,1,686,30,990
4941,100104,50,1,1,1,811,30,1020
4942,100104,51,1,1,1,390,30,1050
4943,100104,52,1,1,1,687,30,1080
4944,100104,53,1,1,1,312,30,1110
4945,100104,54,1,1,1,546,30,1140
4946,100104,55,1,1,1,390,30,1170
4947,100104,56,1,1,1,749,30,1200
4948,100104,57,1,1,1,749,30,1230
4949,100104,58,1,1,1,468,30,1260
4950,100104,59,1,1,1,624,30,1290
4951,100105,0,0,1,0,0,0,0
4952,100105,1,1,1,1,702,30,30
4953,100105,2,1,1,1,421,30,60
4954,100105,3,1,0,1,843,0,60
4955,100105,4,1,1,1,390,30,90
4956,100105,5,0,1,1,390,10,100
4957,100105,6,1,0,1,671,0,100
4958,100105,7,1,1,1,951,30,130
4959,100105,8,1,1,1,531,30,160
4960,100105,9,0,1,1,624,10,170
4961,100105,10,1,1,1,1014,30,200
4962,100105,11,1,0,1,374,0,200
4963,100105,12,1,0,1,702,0,200
4964,100105,13,0,1,1,1232,10,210
4965,100105,14,1,1,1,655,30,240
4966,100105,15,0,1,1,515,10,250
4967,100105,16,1,1,1,468,30,280
4968,100105,17,1,1,1,624,30,310
4969,100105,18,1,1,1,796,30,340
4970,100105,19,1,1,1,546,30,370
4971,100105,20,1,0,1,1731,0,370
4972,100105,21,0,1,1,2184,10,380
4973,100105,22,1,0,1,1232,0,380
4974,100105,23,1,0,1,359,0,380
4975,100105,24,0,1,1,453,10,390
4976,100105,25,1,0,1,1732,0,390
4977,100105,26,0,1,1,1435,10,400
4978,100105,27,0,1,1,390,10,410
4979,100105,28,1,1,1,374,30,440
4980,100105,29,1,0,1,951,0,440
4981,100105,30,1,0,1,1280,0,440
4982,100105,31,0,1,1,1373,10,450
4983,100105,32,1,1,1,530,30,480
4984,100105,33,0,1,1,733,10,490
4985,100105,34,1,0,1,780,0,490
4986,100105,35,1,0,1,780,0,490
4987,100105,36,0,1,1,421,10,500
4988,100105,37,1,0,1,983,0,500
4989,100105,38,1,0,1,1263,0,500
4990,100105,39,0,1,1,500,10,510
4991,100105,40,1,1,1,1030,30,540
4992,100105,41,1,1,1,546,30,570
4993,100105,42,1,1,1,764,30,600
4994,100105,43,1,1,1,484,30,630
4995,100105,44,1,1,1,390,30,660
4996,100105,45,0,1,1,796,10,670
4997,100105,46,1,1,1,843,30,700
4998,100105,47,0,1,1,327,10,710
4999,100105,48,1,0,1,499,0,710
5000,100105,49,1,1,1,515,30,740
5001,100105,50,1,1,1,1856,30,770
5002,100105,51,0,1,1,374,10,780
5003,100105,52,1,1,1,749,30,810
5004,100105,53,1,0,1,577,0,810
5005,100105,54,0,1,1,858,10,820
5006,100105,55,1,1,1,718,30,850
5007,100105,56,1,1,1,484,30,880
5008,100105,57,1,1,1,500,30,910
5009,100105,58,1,0,1,546,0,910
5010,100105,59,1,1,1,514,30,940
