denekId,trial_1,trial_2,trial_3,trial_4,trial_5,trial_6,trial_7,trial_8,trial_9,trial_10,trial_11,trial_12,trial_13,trial_14,trial_15,trial_16,trial_17,trial_18,trial_19,trial_20,trial_21,trial_22,trial_23,trial_24,trial_25,trial_26,trial_27,trial_28,trial_29,trial_30,trial_31,trial_32,trial_33,trial_34,trial_35,trial_36,trial_37,trial_38,trial_39,trial_40,trial_41,trial_42,trial_43,trial_44,trial_45,trial_46,trial_47,trial_48,trial_49,trial_50,trial_51,trial_52,trial_53,trial_54,trial_55,trial_56,trial_57,trial_58,trial_59,trial_60
8,-0.08325833325716647,1.0,0.9310194485073096,-0.21682684000012697,-0.20832136261369338,0.8829008297447645,0.8213770086510497,-0.3194873848308968,0.7788137223942799,-0.359340293637345,-0.3417597357043679,0.7579596472904226,0.7043919262379004,-0.4290230018178143,-0.40700513517257464,0.6968689942012674,-0.4360668828425168,0.6696578626956029,-0.46154524313343614,0.645801932890598,-0.4838820568201537,-1.0,0.6832644759096547,-0.4488050822277925,-0.9671566837860615,-0.910871129536383,-0.3165406031701915,-0.30168547661540057,0.7954820271020746,-0.3437334059672893,-0.32714667534725594,0.7716421660292683,-0.3660551741588097,-0.8896761875640244,-0.2966953289005615,-0.8247330915062883,-0.23588772891441834,0.8570898555713782,-0.2860486878527444,-0.8147644153985744,-0.22655384577755067,-0.7590581313167242,-0.1743948689996011,0.9146669261868574,-0.23213805391488285,0.8606007559024476,0.8004969759427307,-0.33903780286911744,0.760508250807691,-0.3764800954232872,0.7254502371556475,-0.40930565810614716,0.6947149657241025,0.6451745878080108,-0.4844694533434317,-0.45892082521025646,-0.4349991021323223,0.6706576484502071,-0.4606091224997082,0.6466784425196412
15,1.0,0.020781694892110236,0.9029186480573506,0.8040029750241799,-0.1500620809586507,0.7540000828365478,-0.1936478593950708,0.7160078788100257,0.6410793716208998,0.5757668032866083,0.5188361137206936,0.4692116157548276,0.4259556703738565,0.38825097032654154,0.35538509736648827,0.32673706133727,-1.0,0.4470606761385365,0.4066474683072372,0.37142068350786306,-0.9610508438520703,0.4810112981101411,0.4362410422445264,-0.47062734065073464,-0.8271910485693252,-0.2701514947519794,-0.21852138502700824,0.6943264934001951,0.6221804635913111,-0.30855042735927396,-0.2519923963144418,0.6651509793810715,-0.7050163819262785,-0.5975779514159005,-0.5039276159470993,-0.42229588238811144,0.9506252215163207,-0.45617843430673055,-0.3806745848901989,0.9210909818718647,0.8198431650743858,0.7315889718259871,0.6546608673760379,-0.7141602469633035,0.6962172268722162,0.6238285500636815,-0.7410357034072041,0.6727908281441994,0.6034085747412314,0.5429304825362113,0.4902138373226892,-0.8575029918096789,0.5712703519214963,0.5149167137744963,0.4657952114193016,0.42297770978192273,0.38565518586540737,-0.9486431242429618,-0.8099388918982235,-0.25511339104798936
16,-0.11368969635240134,1.0,-0.15709881863479036,-0.15540682857373544,-0.15378078848393528,0.9614715685687241,-0.19412549836913762,0.9226994048340253,-0.2313864102693044,0.8868908395671489,-0.26579923811172756,0.85381934644012,0.8161080176153557,-0.33382310468873255,0.7884468973558274,-0.36040605662566016,-0.3507896071898391,0.7721417110042617,-0.9329205516216429,-0.3441439252397509,-0.3351613371498823,-0.32652887016294063,0.7954568190074645,0.7600203303813038,0.7259650764680705,-0.4204524765105826,0.7051941438209002,-0.9972586530445781,-0.40597427201502057,-0.3945816759195818,0.7300565587277412,-0.9733653192134275,-0.3830122466564251,-0.37251465872161416,-0.9192710913561982,-0.8878713384459657,-0.3008506291834232,-0.8504003646847402,-0.2648401897948949,-0.8157935313203845,-0.7884271012215148,-0.7621273530848516,0.9336818344846232,-0.7776768992289087,-0.19495132163767415,0.9219057703011528,0.8815405856412895,0.8427487451926461,0.8054689235326378,0.7696421855658746,0.7352118933545781,-0.9684109279480636,0.735438729920646,0.7023416115668852,-1.0,-0.4431551518237993,-0.4303133285661874,-0.4179720507279544,0.7075778881791936,0.6755667228426927
18,-0.585250173669407,-0.021264100853568113,1.0,-0.1325093703349669,-0.12652483467975362,0.9051670720403897,0.8083526996880208,-0.30517085542541666,-0.7952314804630803,0.8158569299641609,0.7278901951840797,-0.3776622262880983,0.6789089670409933,0.604509179015662,-0.4888203247790701,-0.9606874512127649,0.6667920927333864,-0.9458576762604901,0.6801527347181608,-0.42067050662950967,0.6401613637987562,-0.4567000749172285,-0.9317492400634622,0.6928634984081121,0.6170812846788556,-0.47749369283075993,-0.4373327894909127,0.625149753934366,0.5560756996127487,-0.5324556719412341,-1.0,-0.39492613960220424,-0.36294490958068326,0.692168291618549,-0.9229954069859938,-0.8387002361033375,-0.24960576861967698,-0.23202090998928437,0.8101221170396908,0.7227235097434659,0.6439831710794832,-0.4532568804670817,-0.4154970317747385,-0.8946280356027306,0.7263072374020996,-0.8922384849275317,-0.29784017388434403,-0.2754769045787968,0.7709711530047503,0.6874510922244537,0.612205066291944,0.5444133960544193,-0.542962632637674,-0.4963159546905138,0.572009840759905,0.5082001683042259,0.4507118927511784,-0.6273814618578528,0.4539285264141939,0.4018167490586986
20,1.0,0.8678898761070302,0.7552599450044251,-0.2367022761053046,0.7094845927893367,0.6202121862057526,-0.3518366755051463,0.6113272442847677,0.536528551117796,0.472759239503296,0.41839298079461074,-0.9718668144586798,-0.36524686906846315,0.5998944401013984,0.5267815619428733,-0.4314905616988107,0.5434186582530456,0.4786333713946678,0.4234009472601392,0.3763127761072478,-0.5597720929120368,0.43405277775483486,0.3853939494449261,-1.0,-0.38923169820830117,0.5794462747835287,0.5093485645081557,0.44958705610807326,-0.49730241333795566,0.4873110406274883,-0.9131110120873881,-0.3151548566022706,0.6426001748823975,0.5631901567146631,0.49548947934390686,-0.45816849525395564,-0.8232355717150567,-0.23853192749841956,-0.6359853386143733,0.8170475185842281,0.7119145066977703,0.6222837990998096,-0.35007053063559856,0.6128329636733556,0.5378122458566934,-0.4220863984703006,0.5514361381046495,-0.4104714063711351,0.5613384508217745,0.49391081526432945,0.4364256678474725,-0.5085230996057776,-0.8661651781049458,-0.27513138306983675,0.6767220190954653,-0.7516294781497714,-0.17748445326155704,0.7599704988682767,0.6632537333314699,-0.3151417853296853
21,-0.5396817211839251,1.0,-0.1322709245162158,0.9050920962741842,-0.2173948416729229,0.8287435416476328,0.7405818012974954,-0.36494589033455227,0.6964034229685463,-0.40456995186535394,0.6608641770390973,-0.43644548285432216,0.6322746712897156,0.5643667634800498,-0.5229950484349443,-0.47180704349388314,0.6005585081437046,0.535920196458938,0.47794540117845963,-0.6005072955327511,-0.5413286095759413,0.5382038695998979,0.4799936521210335,-0.5986701972858497,-0.5396808964473304,-1.0,-0.3864106621356743,-0.8625302823479644,-0.26311259740574233,0.787738796006701,-0.3226502758135268,0.734338813439092,-0.3705452931282788,0.6913812585246111,-0.409074385039939,-0.3696303781943444,-0.8474798656385786,-0.24961371717712777,-0.2266083942706294,-0.7192019137170822,0.89189463503622,0.7972226945311676,-0.31414406547037577,-0.2844863560268718,0.7685684425717683,0.686610109293543,-0.4133536799768608,-0.3734685237375439,0.6887593816266455,-0.4114259745608946,0.6547149367224456,0.5844936783172869,-0.504943002567672,-0.45561596986787534,-0.4113740249898795,0.6547615308500767,-0.44191901169899706,0.6273654045412371,-0.4664908913294392,0.6053266220591267
24,-0.44852881199256,1.0,0.9005468653023834,0.8111714770347094,-0.2032808174525773,-0.18080356756079663,-0.16060397362767975,0.7916822212572792,-0.22079519553077376,0.7375902728812804,-0.26940591959652505,0.6939053518321967,0.6254692811736045,-0.8372322396869664,-0.28344894124463516,-0.25284812616009245,-0.22534814098814349,-0.2006347736360624,0.755707806732359,0.6810091937102154,-0.7873202760027167,-0.2385946372848351,-0.21253898111331038,0.7450098717850808,0.6713952977532667,0.6052402071544936,0.5457887185098611,0.49236154502899754,0.4443482331468238,-1.0,-0.8967899112490259,-0.33697153795676493,-0.30094719188371255,-0.2685732508595565,-0.23947981345724534,-0.680401190138141,-0.142509834715005,0.8079428519111691,-0.20618228078869572,-0.18341102094070727,0.771186248807153,-0.7062810072393024,0.7683662501230855,0.6923849366302388,0.624102932094551,0.5627400531302302,-0.426538284769854,-0.38143799588532945,-0.34090779196270515,-0.3044845789270747,-0.7388189179531526,0.7391254583440108,0.6661071614102323,0.6004879261901168,0.5415179938349712,0.48852357976864513,-0.9603010124498471,-0.39404695691052205,-0.3522390666450461,-0.31466763728296343
27,1.0,-0.06941713070995059,0.9215836807015441,0.8425115416972471,-0.21314660734097712,0.7904111320890235,0.7227988848865994,0.6610935827395015,-0.3787149834205722,-0.8359335832523702,0.713781024621897,0.6528635679806691,0.5972681659105998,-0.928711366049795,-0.35438537442084894,-0.32198245657132984,0.6910837285627267,0.6321492215537541,-0.40513062002963374,0.615199805731258,-0.4205992498684361,0.6010825929850636,0.5500110366214461,-0.48009280112513997,-0.9284545262960956,-0.3541509734763283,0.6617256146502553,0.6053559797315384,0.5539110788666504,0.5069606625864234,0.46411207017342715,-0.558487202999249,-1.0,-0.4194458757288655,-0.8731060205044489,-0.3036379907760356,-0.2756686189081199,-0.7418898660192461,-0.18388553772046823,-0.16637834082392955,-0.642147734823176,0.8906367693119868,0.814268307714874,0.7445717779833505,0.6809642866835544,-0.36058028384355,0.6558580010858202,-0.38349315839956655,0.6349469101808742,0.5809167972052736,0.5316070259116232,-0.4968889451457361,0.5314579481525659,-0.4970249987239954,0.5313337808973415,-0.49713831810498654,0.531230361665878,0.4862614466056778,0.4452212415270136,0.4077665146196814
28,-0.06484242795186179,-0.06484242795186179,-0.06484242795186179,1.0,0.9122836517098043,-0.23304949418977539,-0.751614658463239,-0.16262061212614876,-0.15456613849410972,0.9176672761776845,0.836733082400593,0.7624658392854811,-0.3705260708878291,0.7194970337412017,-0.4099553229603472,0.6833157645784809,-0.443156161662983,-0.9444137984202673,0.7253044965649631,-0.4046262496319323,0.6882058557252426,-0.43866889155991806,0.6569674749326975,-0.46733401210503767,-0.43417878551685685,-0.9361759332403602,0.7328637679620527,-0.9301108868605,-0.32641322153942953,0.7599760890596623,-0.905231942023947,-0.836004892668333,-0.7724804184665464,-0.18176755606451955,0.8927065741863696,-0.2510139108110212,-0.235678043077439,0.8432369611762025,-0.29640846661960096,0.7875092036092137,-0.8799668665775966,0.7172967753501964,-0.41197433516291404,0.6814630684175309,-0.4448562420589486,0.6512898071595987,-0.4725439822443943,-0.9713807985704651,-0.4389595845945341,0.6567007277240557,-1.0,-0.9229664360258788,0.7449851334229634,0.6782756235800993,-0.44778112126772307,0.6486058647473392,-0.47500683501818297,0.62362286797274,0.5669105694224374,0.5148699439773696
29,1.0,-0.6421199865435256,-0.1267079985797921,0.9130348092866778,0.8252400167173237,-0.2852123547262063,0.7692740326748402,-0.33597255794965064,0.7232353848181443,-0.37772883475458463,0.6853631463015504,-0.41207831607827183,0.6542087463130373,0.590489144721704,-0.4981274347207436,-0.4546603283332249,0.6155875796757484,0.5554603982290642,-0.5298979167563884,-0.4834756194824332,0.589452596798181,-0.49906756619790904,0.5753109642071077,-0.5118937883490152,0.5636777971303888,-0.5224448746034493,0.5541081399240293,-0.5311243922226656,-1.0,-0.9098502770440027,0.7181499644896672,-0.3823412251872119,0.6811797860031177,0.6149514226435362,-0.47594056139286645,0.5962867673478585,-0.4928690888209728,-0.965303085288907,-0.8783807608352883,-0.7995436791792138,0.8181961875714072,-0.2916009889124028,0.7634796492621334,0.6895960099899883,-0.40823918013313865,0.6576907778382841,-0.4371766873640004,-0.39937902889068255,0.665726785519595,-0.4298881639870352,0.638055514761865,-0.4549855396723642,0.6152926184783762,0.5551928733998701,-0.5301405572625734,0.5471282855999502,-0.5374550023248903,0.5404942073436276,-0.5434719993678714,0.5350368925492566
30,1.0,-0.9159786120430103,-0.24700448595605884,-0.24252645607920986,0.9619303517972393,-0.3501850210896481,0.864618276012564,-0.43814495342391446,-0.41529743490422755,-0.3946456692647359,-0.37597863443287904,-0.3591055885395338,-0.9440586896545956,-0.2723859374022415,0.934940505619035,-0.37458101741799865,-0.3578422890254004,-0.3427122303466349,0.8713728967808851,-0.43203948315278606,-0.40977872874585053,-0.3896573364566098,0.8289394338877973,-0.47039489274289137,-0.4444480049378814,-0.42099473382830654,-1.0,-0.32295102742827175,-0.3111741814005663,0.8998799924201688,-0.4062720520990467,0.8139214697566493,-0.4839695606155323,-0.4567180840407019,-0.4320856012146761,-0.409820414647323,-0.38969501614891167,-0.37150376212574765,-0.35506077229071886,-0.3401980303175389,-0.3267636670309586,-0.31462040859038953,-0.30364417381030506,-0.29372280628467984,0.915654209154892,-0.9922183797757654,0.8844918803856527,-0.4201812949385805,-0.39906016761643337,-0.37996887894440556,-0.36271235197974316,-0.3471142575819337,-0.3330152126616436,0.8801379859287455,0.7762923776433601,0.6824268156939384,-0.6028269663425125,-0.5641527398207818,-0.5291952864882814,0.7028117303743455
33,-0.16311125603192156,1.0,-0.20074428953497703,0.9635846017001954,0.9271298062179112,0.8918545234715041,-0.8869462942983124,-0.2819706296310883,0.8849863795612574,-0.8935922160535094,0.8747097366941825,-0.9035363531148755,0.8650873470505709,-0.33129177761982276,0.837261041435976,-0.35821774950793217,0.8112062725363274,-0.3834295036178692,0.7868102570603086,-0.4070361740824038,-0.980699492084496,-0.954246024869296,-0.347092844506828,0.821971225795538,-0.3730128556859106,-0.9477770147936668,0.8222781136160864,-0.9542715253868389,-0.9286731479586157,-0.32234739053488903,-0.8987508555453163,-0.2933932485259798,0.8739333450868885,-0.9042876241920249,-0.8803065003313539,-0.2755456694450912,-0.8534634270295426,-0.24957111690743994,-0.828329293841981,-0.2252502108908927,-0.8047953026336249,-0.20247767347727175,-0.20120395378886424,0.9631398101080395,0.9266994060752427,-0.27167320689598473,-0.8497162599000222,-0.2681606318840615,0.8983495480774637,0.8640054646580422,0.8307726008534699,0.7986150026096717,-0.3956133768483461,0.7750205990066701,-1.0,0.7446668840478821,0.7152952783809285,-0.4762372506525451,-0.46610590596378554,0.7068088901448035
35,1.0,0.9083597199930638,0.8260459937418629,0.7521096250528456,-0.2147354233190245,0.7176856391461526,0.6547774850375685,0.5982717151308155,0.5475167362572708,-0.8487228959542565,0.5984380244898166,0.5476661197276049,0.5020614503667908,0.461098128678354,0.4243037883779246,0.3912541375600327,-0.9890821001327261,-0.8782864957222953,0.5718832162971508,-0.37661955628359434,0.5722770240235235,0.5241676163328421,0.48095447234792177,0.44213928208268904,0.4072744503117818,-0.9746922309812318,0.48528903194340134,0.44603269829589576,0.41077161985700417,0.379099185445833,-1.0,0.46255692362943934,-0.9250360494984325,-0.8207586370232303,-0.7270939037419957,-0.6429617599497714,0.7832581256606916,0.7136764288661968,-0.6994738599369118,-0.6181527051908187,-0.09489116846817691,0.8253329224786032,0.7514691255611692,0.6851227071644141,0.6255285972244975,0.5719995895500669,0.5239184173419724,0.4807306352152225,0.44193822564261187,-0.9435563100390534,0.5132561406517067,0.4711534959416339,0.4333357855324753,0.39936691658280576,0.36885517895417363,0.3414487282272489,0.31683152842731,0.2947197076728352,0.27485828472255913,0.2570182286733569
43,1.0,-0.7509780457221558,0.9703140700002311,0.9413960989354115,0.9132262201237233,-0.8355070348987366,0.8857850808236503,-0.8622382867837666,0.8590538289386205,-0.3145139770826667,0.837333934878453,0.8118560879040129,0.7870373390352225,-0.3846674393872851,0.7689953046574134,-0.9760067746791531,-0.3808104407991686,-0.37477555236773996,-0.36889678323230024,0.7843579824770615,0.7602505947061708,0.736766852003401,-0.4336374561397306,-1.0,-0.9779470129467902,-0.3827004861534097,-0.3766167032720763,-0.9444543431338046,-0.3500742535730925,-0.3448344936623713,-0.3397302835033492,-0.3347581164973463,-0.3299145767594922,-0.8989603753461367,-0.8989603753461367,-0.30575719009831304,-0.3016638886231684,-0.2976764786407714,-0.29379222079554224,-0.2900084465975462,-0.286322556589239,-0.2827320185596348,-0.2792343658046753,-0.27582719543260026,-0.27250816671315836,0.8782530776787356,-0.29581140251157345,-0.29197539317591725,-0.288238619324677,0.8629295633586533,-0.3107385058134723,-0.306516340398027,-0.30240340011568845,0.849131217776852,0.8233481814817467,-0.3492959387734933,-0.34407631344520095,0.8085363601503954,-0.3637245863072114,-0.35813169967995206
45,-0.2872208214972881,1.0,-0.3924545204639809,0.8947663010333069,0.8024373009495898,0.7214305099675755,-0.6368633241178883,0.7458506427386222,0.671783014707038,0.6067982227451654,0.549782448127311,-0.7874623629394327,0.6137194071696523,0.5558548949155793,0.5050862475221092,0.4605433064731066,0.4214626198848297,0.3871743571827575,0.3570908284179637,0.3306964114477662,0.30753871433571844,-1.0,0.4272450391426468,0.39224768439049984,0.3615420187950751,-0.9526190645115775,0.4688156998685591,-0.8585002432017877,0.5513928281641383,0.5011713593682896,0.4571084969754742,-0.8687718039994163,0.5423808581672998,-0.7939563036328394,0.6080218116587792,-0.7363648318902345,0.6585509012142776,-0.6920320719510786,0.6974471809832639,0.6293152190451448,0.5695382086268432,0.5170915907267863,0.47107644694648765,-0.8565167291830189,0.553133105925,0.5026982286801736,-0.8287726936031153,0.5774749193225346,0.524055030857489,0.4771859676677359,-0.8511564126235662,0.5578360924485763,0.5068244928654366,0.4620683926007014,0.4228006862892706,-0.4697988764336478,0.4633545440676099,0.42392911834156854,0.389338391503083,0.35898948946384923
51,1.0,-0.07748123707239862,0.9483869431587733,0.8966190349780154,0.8476100885751392,0.8012130655559089,-0.7771551659219035,-0.22547929373220932,0.8082764175172026,-0.25898694414594514,0.7765545515789631,-0.8004995086303448,-0.289018198685689,-0.27483881229579943,0.7615475060203702,0.7197371735613474,-0.342807504297468,0.6972011937886244,0.6588201869916532,-0.4004779305274504,0.6426043030224873,-0.927310901689422,-0.36763250534391856,-0.8607446929235056,-0.8607446929235056,-0.3046139312446836,-0.28960337296586847,-0.7868741097578476,-0.23468026812517118,-0.22339681241461617,-0.21271470653877234,-0.2026019016614512,-0.19302805698368597,0.8389981711751298,0.7930601188150563,-0.2733922928214172,0.7629169334877346,-0.3019290022623409,0.7359010830766775,-0.3275050475643946,0.711688108717559,0.6725350242768706,-0.3874940231404943,0.6548962352946082,0.6187698639967631,-0.4383937784350165,0.6067091737189583,0.5731509235940107,-0.4815814652418311,0.5658231672651348,-1.0,-0.43644765064084,-0.4144110369228151,0.6294137591401323,0.5946454720335681,-0.4612324650707199,0.5850876709660746,0.5526817351179041,-0.500959751832688,0.5474776431308626
59,1.0,0.03227432988131396,0.897138846848617,-0.05605652380478121,0.82128572374167,0.726749467276758,0.6455675246094057,0.575853448109122,0.5159872721763565,0.4645778696463203,-0.8514853801659569,-0.28575182608023786,0.6240374767983676,0.5573647626842895,0.5001103223554106,0.4509437182816016,0.4087224522581281,0.37246541685359125,0.3413300971406541,0.31459299293975396,0.2916328066419802,-1.0,0.43465692523316535,0.3947363526500487,-0.9114609941855016,-0.7612272093120493,-0.20824364112009353,-0.15734724860689608,-0.11364054629512155,-0.5000799112332368,0.8639576560018356,0.7633935072228044,0.6770351801020287,-0.6690400640339724,0.7188650328046451,-0.6331191503985991,0.7497117117440439,0.6652860927393889,-0.6791294601274338,0.7102008778461546,0.6313566103145345,0.5636499859383401,0.5055076868475328,0.45557864408826165,-0.8592133634881657,0.5555558594730168,0.49855694715017584,0.4496097748659442,0.4075769434137877,-0.9004342818723936,0.5201578613070321,0.4681593159649744,0.42350615235772415,0.38516075236586844,0.35223207314689686,-0.9479610642197187,0.47934477367312156,0.4331115378503043,-0.8785067372551725,0.5389878926253526
60,-0.12052829907739093,1.0,-0.16840739793428205,0.9541667290880482,-0.2122822571660158,0.91216660048491,-0.2524877605811534,0.8736790396457783,-0.28933078488185526,0.8384102824154687,-0.3230925419628782,0.8060911328136104,-0.35403072531869684,0.7764749083414408,-0.38238147694164115,0.7493355571273395,-0.408361189723798,0.7244659325398266,-0.43216815911988016,0.7016762120986673,-0.4539840966777141,-1.0,-0.40215686870334044,-0.9503872997387655,-0.3546640715113286,-0.9049238241922836,-0.311143206643988,-0.30299841457537824,-0.8554657911940592,-0.2637984679312708,-0.2576766711114614,-0.25181645279471954,-0.24620663598264403,-0.8011006707979444,-0.21175631695587993,-0.20785823130278325,-0.20412670710867953,0.919973671715117,-0.24501427801222475,-0.799959261139304,-0.2106636786365509,-0.20681228037024224,0.9174028504216964,-0.2474752505789758,-0.802315078710055,-0.21291883438336412,-0.2089710754762505,-0.20519200051860276,0.9189538972702456,-0.24599047847373678,-0.24062959995325262,0.8850305124502376,-0.2784643496164064,-0.27171589374692895,0.8552725061570796,-0.3069508248591952,0.821543129836539,-0.33923897729939123,0.7906346191634122,-0.36882679697412324
63,1.0,-0.059605883802427595,0.9227843530395143,0.8449330434506306,-0.20122710728929172,0.7934429937439842,0.7268067710422648,-0.30911074411742034,0.6949138616722668,0.6368210220238855,-0.8788235333566728,-0.3129292158478545,0.6914264866031499,0.6336360344866556,-0.8817323531455574,-0.3155858141752582,-0.2860590267700305,0.715966782854552,0.6560484610744388,-0.37373365703514383,-0.8266945494931873,0.7097389716703693,0.6503606584685473,0.5961309918048379,0.5466035366132205,0.501370567858884,-0.5149995525619135,-0.468181757742804,0.549635769729125,0.5041398784414068,-1.0,0.5514606996008269,-0.9567823297875422,-0.3841282667467999,-0.34865821753238746,-0.3162637482098075,-0.2866781776810481,-0.7471875818470063,-0.19270731350000514,-0.17383522362651305,-0.1565995177281575,-0.14085830624569873,-0.12648200275126886,0.8617070094303834,0.7891516679613992,0.7228875427215815,0.6623691273313759,-0.8554906840383457,0.683439727158665,0.6263418006318555,0.574194790119559,-0.9360194942630127,-0.3651657602562296,-0.33133993497025316,-0.3004471202207245,-0.272232996985589,-0.24646529804389417,-0.2229318958815697,-0.20143905639338566,-0.18180984400503042
64,1.0,-0.0904731979295964,0.9460906294678513,0.8920073003839017,0.8409101835151469,-0.2407788666678723,0.8040840915634513,0.757841656620271,-0.3192607630073939,0.7299355748714171,-0.8623326407112705,0.6877872519223529,-0.38544711219577776,0.6674037064217966,0.6287080819764317,-0.44126422446247915,-0.4187447245085598,-0.9141752701220598,0.6845759163429852,0.6449321279458606,-0.4259359895511783,0.6291504233278098,-0.4408463069986305,0.6150633793890001,-0.4541555344938415,0.602489021185199,0.5673776625252882,-0.49920828344302826,-0.4734894009870241,0.5842226745593542,-1.0,-0.42992326092649435,0.6253833092299383,-0.9611120506858901,-0.393182510596482,-0.3733178435403538,0.6788632572393267,0.6395348934413445,-0.43103521563279135,-0.9257871415062054,-0.3598080670608276,0.6916270911108249,0.6515939719424657,-0.419641979418637,-0.39831635220449724,0.6552450417856595,-0.41619250347783354,0.6383559226014581,-0.43214908957159837,0.623280379762853,-0.44639223597792277,-0.9402962236322889,-0.3735160298954392,-0.35473724800751494,0.6964179247776141,-0.3772929821336891,0.6751076060116099,-0.39742665117626463,0.6560856179518804,0.6180149220124704
67,-0.33333333333333337,-0.33333333333333337,-1.0,-0.33333333333333337,-0.33333333333333337,-1.0,-0.33333333333333337,-0.33333333333333337,-0.33333333333333337,-0.33333333333333337,-1.0,-0.33333333333333337,1.0,-0.4000574042383396,-0.3967183280097374,-0.393546349350411,-0.3905331061878151,-0.38767065491304564,-0.3849514494396411,-0.38236832131034604,-0.37991446079939284,-0.37758339896048254,-0.37536899057313977,-0.37326539794248426,-0.37126707550971105,-0.3693687552327094,-0.3675654326982801,-0.36585235392933957,-0.3642250028523327,-0.3626790893918129,-0.3612105381608076,-0.3598154777171513,-0.3584902303574644,-0.3572313024218734,-0.35603537508391137,-0.35489929560132083,-0.35382006900469287,-0.35279485020203183,-0.35182093647843227,-0.3508957603710944,-0.3500168829008956,-0.3491819871426757,-0.3483888721172831,-0.34763544698928295,-0.3469197255550297,-0.3462398210065719,-0.3455939409575891,-0.3449803827182446,-0.3443975288064999,-0.3438438426840561,-0.34331786470568215,-0.34281820827125076,-0.34234355617033874,-0.34189265710975414,-0.3414643224148365,-0.34105742289583496,-0.34067088587110117,-0.34030369233925173,-0.33995487429284355,-0.33962351216648157
68,-0.4636347025357622,-0.4636347025357622,-0.41986965847668345,1.0,0.9045397942902844,0.8181600448992727,-0.6402706824497937,0.800564171480914,0.7240748899986098,0.6548614945694031,0.5922318814523284,-0.8447078926341445,-0.7646940427905895,0.6879763281516429,0.6221967343948964,-0.35750416005230623,0.596343883442721,0.5392806380886344,-0.8926222575539849,0.5722170224897141,-0.8628188791801448,0.5991854156101553,0.5418518753354495,-0.4302063791478261,0.5305573138564559,0.4797518810331951,-0.9464884636634057,0.5234747287791237,-0.4468354373219148,0.515510060741851,-0.9141317074742864,0.5527536148860883,-0.8804308700468813,-0.7970189452300036,0.6587262657717616,0.5957290242191113,-0.8415434084018574,0.6184371008578564,-0.36090616615858995,-0.32691296346861487,-0.7562425193084146,0.695623917793158,0.6291168627538084,0.5689361549465917,0.5144800135637746,0.4652039009629563,0.4206150775283475,-1.0,-0.9052143068832048,-0.819444908457859,-0.7418341481801327,0.7086617221634768,-0.27926397694125427,0.6671416295736166,0.6033438937957483,0.5456147868109584,0.4933770427495552,0.4461083069739671,0.4033359127603888,0.3646321548378728
69,-0.06875575223075192,1.0,0.9415088478493499,0.8862188151993622,0.83395471032136,0.7845509294266968,0.7378509319353932,-0.9094268838837081,-0.8634184081702079,-0.2855500205698852,-0.2736852455655442,0.8062859430731824,0.7583964259114215,0.7131278191203261,-0.9327969435336482,0.7176241634337082,0.6745869519854049,-0.9692285357300238,0.6831864092099478,0.642033916433637,-1.0,-0.9490346144364626,0.7022751521496757,-0.943055662828512,-0.36082886614420895,0.7239115419907272,-0.9226033951477787,-0.341495915667844,-0.32656931867513117,-0.3124596284957569,0.769633614996742,-0.8793836120459407,-0.8350193525909246,-0.7930830722550086,-0.21906401582880708,-0.2108379047671698,-0.20306199452336215,-0.19571164638598615,-0.18876357007766575,-0.1821957499575868,0.8927683769679073,-0.22860992631821164,-0.21986138410082445,-0.21159163445401807,0.864981278341489,-0.25487628514024496,-0.24469023057534867,0.8336941110874789,-0.2844511598930006,-0.27264652363122066,0.8072678175542163,-0.3094311881288784,-0.2962594381657475,0.7849471969548345,-0.33053023980303986,-0.31620377526725574,0.7660943788963941,0.720404476464688,0.6772151032973184,-0.43236634247433003
74,1.0,-0.5187310232436053,0.9641643892056169,0.8796114175601439,-0.1510729103715227,-0.6098747426095628,0.881414762309773,-0.14943564884396532,-0.1314290392134374,0.8388376684332572,0.7658269521451202,0.6995403273039333,0.639358523094594,-0.3691991566556574,-0.3309529164838194,-0.7731882818787789,0.7331419626524989,0.6698655378129612,0.6124167022464553,0.5602587505872578,0.5129044065965285,0.4699112708720947,-1.0,0.5272189963669409,-0.47101093328209764,-0.4233881011355849,0.5737672542458148,-0.90570887456798,0.6128261616589379,-0.8702471879275897,-0.7858557658855929,-0.70923656781287,-0.6396737926959191,-0.09955833360700284,-0.08614529113801461,0.8799509045811142,-0.15076468919603536,-0.13263567850826086,0.8377421573860988,-0.6660453530803563,0.8304173146380684,0.7581820903847043,0.6925995368386608,0.6330569608436893,0.5789980966424375,-0.900959778747855,-0.8137398093398358,-0.2575933362679741,0.7242927652686102,-0.29208713073139814,0.6929757569006547,-0.7974791557664818,-0.24283024534258668,-0.21622224348589114,0.7618536911975271,-0.2579854654921232,-0.22998170844543653,0.7493614361128162,0.6845912412034423,-0.32813225075111174
76,-0.6674824753255542,1.0,0.9601472209603608,-0.18993182136959919,-0.1871256004038384,0.9272350012222406,-0.22166413957321784,-0.21772031648764711,0.897737104275584,-0.25010453829736423,-0.8009686200261634,-0.24514112825097878,0.8712993273283258,-0.275594522180615,-0.2697172974071288,0.8476042126841545,-0.2984401680757529,0.8199110555823108,-0.3251405267939066,0.7941679034723399,-0.9057882798829037,-0.3214911466676357,-0.8697960218333667,-0.286789209381655,-0.8363381473720662,-0.2545307981510988,0.8622462766538845,-0.2843230214128354,-0.8339603721263,-0.25223826603640975,-0.8030258537258054,-0.22241274867018845,-0.7742695797587751,-0.19468738577662026,-0.7475381698250202,-0.7247417874108564,-0.14693516246223282,0.9659846138479935,-0.18430369874329822,0.929955737840557,0.8926140423152649,-0.2550439387266039,-0.8057309431816018,0.8866341227545449,0.850845505098925,-0.29531507584208194,0.8229241134059266,-0.32223548695199833,0.7969687977721203,-0.3472603057372641,0.772841117567002,-0.37052300973827024,0.7504123804137455,-0.3921476777161679,0.7295629557689693,0.6994053320854023,0.6703288577969317,-0.46936020980193505,-0.45653649421205045,-1.0
77,-0.9211829583892651,1.0,-1.0,-0.99676650991456,-0.9936656746194921,-0.9906920519167555,-0.9878404228759307,-0.9851057826746057,-0.982483331814539,-0.97996846769818,-0.9775567765507666,-0.9752440256738193,-0.973026156016439,-0.9708992750513693,-0.9688596499433187,-0.9669037009975564,-0.9650279953772792,-0.9632292410787267,-0.9615042811534675,-0.9598500881677197,-0.9582637588889761,-0.9567425091906155,-0.9552836691655514,-0.9538846784403455,-0.9525430816815603,-0.9512565242864652,-0.9500227482505327,-0.9488395882044711,-0.9477049676138403,-0.9466168951345766,-0.9455734611180366,-0.9445728342594202,-0.9436132583836935,-0.9426930493633697,-0.9418105921627407,-0.9409643380033668,-0.9401528016458562,-0.9393745587831581,-0.9386282435407964,-0.937912546079659,-0.9372262102971317,-0.9365680316225437,-0.9359368549030562,-0.9353315723762826,-0.9347511217260833,-0.93419448421812,-0.9336606829119021,-0.9331487809461818,-0.9326578798946933,-0.9321871181893473,-0.9317356696081139,-0.9313027418249425,-0.9308875750191687,-0.9304894405419732,-0.9301076396375478,-0.9297415022167276,-0.9293903856809334,-0.9290536737943639,-0.9287307756024551,-0.9284211243947111
78,1.0,0.916441510323051,-0.696523445858874,0.8945582067851994,-0.2045467124376238,-0.18982840752040087,0.8478382927877939,-0.24745483288317227,-0.22923573177771728,-0.21250309428429426,-0.1971356425167382,0.8411272419206157,-0.2536183412094305,0.789252864781774,-0.3012603814416712,0.745497852718392,0.6827037343970004,-0.3991163603754554,0.6556257666815679,0.6001641498298091,-0.4749216890481759,0.5860052581060575,-1.0,-0.920382095470882,0.6889637808009548,0.6307821754821998,-0.44680173290761827,-0.4123182776310901,0.6435009700531238,-0.4351206418550597,0.6225590096158746,-0.9664286031732212,-0.8895497283854306,0.7172805906434854,-0.3673605674916117,-0.3393585736771393,-0.31364121205328,-0.8020967012753485,-0.2265507524131276,-0.7221117952221106,0.8710575647133518,-0.22612997949206548,-0.20965073472827733,-0.19451600183438644,-0.6926907021877342,0.8980782438102528,-0.7133884865639708,0.8790691543453009,-0.730846658690907,0.8630353630069156,-0.23349766422447682,0.8077319320070326,-0.2842889879954671,-0.26306465458258654,-0.24357197626757654,0.7984795649205831,-0.292786471132398,0.7532803919631188,-0.3342979250577145,0.7151557827226944
80,-0.13389773060545873,-0.13389773060545873,-0.13389773060545873,1.0,-0.24833828722792162,0.8971095511575977,-0.3408443425585985,-0.3199579038403515,0.832718266138915,-0.39873682764120666,-0.3720074914214596,0.7859218716932861,-0.440810216401462,0.7240631787289833,-0.49642571558937965,-0.4598369622362649,-0.42694099103345606,-0.397365101662962,0.7631235213853078,-0.4613076044366555,-0.4282632061689867,-0.3985538699875497,-0.9387918643828417,-0.290607689928859,-0.8417403361060086,0.9305464784287067,-0.31078209403087764,-0.2929297388652966,-0.27687916300222826,0.8714492118037671,-0.36391486852846044,0.7931977328595321,-0.43426868389581585,-0.403953234662653,0.7572003069115452,-0.46663300841739475,-1.0,0.788259440229311,-0.43870857094490456,-0.40794501856140974,-0.3802863300147722,-0.9223680069452532,0.858056292373993,-0.3759560847905029,-0.35152593378097374,0.8043362933005946,-0.4242543016080753,-0.3949495709364773,0.7652952605656804,-0.4593550517260434,0.7073900124445045,-0.5114161142143483,-0.4733144293892585,0.6948395087094774,-0.5226999370181402,0.6504383174167034,-0.5626198625767178,-0.519350352377626,0.6534498395314994,-0.559912283452366
82,1.0,0.9383309689636461,0.8805391058757646,0.8263806509261558,-0.6957055555119739,0.8205681358507637,-0.701152634374544,0.7701800907634839,-0.2579285119667005,0.7403776396310486,-0.7763015073274377,-0.7763015073274377,0.7450392985318997,-0.7719329296405016,-0.23175526223357856,0.7649053618884298,0.7180168678643508,0.6740762808063332,0.6328982640841134,0.5943091332894663,-0.42274235977114205,-0.8854069905756066,-0.8285393844889145,0.696085647174252,-0.8178088363860654,-0.7651911656785283,-0.7158815986165681,0.8016605723434249,-0.7188714683367214,-0.6724740476616689,-0.18202980594899287,-0.6598281754029925,-0.6171428409904919,0.8541898841475359,-0.6696447050023955,0.84499052548934,0.7930670305216172,-0.7269247291721823,0.7913117298465253,-0.7285696730700877,0.7897702045308614,0.7413184433479356,-0.7754198524889363,0.7458655232164972,-0.7711586501837038,0.7498588212475394,-0.27697217141620745,0.7225312661579621,0.6783068562462935,0.6368628607787656,0.5980244734776545,0.5616278782378696,-0.9438131669696385,-0.8832735305088305,0.6447926688371934,0.605455729878549,0.5685919272147093,0.5340457733244144,0.5016715562775487,-1.0
85,1.0,0.9539769524555592,0.9100633849446991,-0.6379817051011228,0.8972169385211564,-0.14819122620102088,0.8625096209183825,0.8227884856756429,0.7848879804471325,0.748724656116192,-0.7919254254444061,0.7503292742559868,0.7157499584726377,0.6827555958836504,0.6512735396893017,0.621234472877477,0.5925722556018711,0.5652237795556492,-0.9670154849056424,0.5832645195978547,-0.9498016475337414,0.5563426663918383,0.5306547843119238,-1.0,-0.9543524543902815,0.5953471363539793,-0.938272841100061,-0.8954545781253817,0.6515454109925174,-0.8846504310467005,-0.3422418624981348,-0.32674285619680177,-0.8140023560878002,-0.2748319630075756,-0.2624227094416235,-0.2505822376931669,-0.23928447747891346,-0.22850455345473697,-0.21821873044528706,-0.20840436118401462,0.8050563728351701,0.7679686242576411,0.7325808036355392,0.6988149942668678,0.6665968507847746,0.635855435464346,-0.8996212518932509,0.6475697179525384,0.617700416908487,0.5892001841363395,0.5620062679858195,0.5360587930471505,0.5113006283177222,0.4876772614113707,0.46513667853332175,0.44362924995650777,0.42310762074712294,0.4035266064987948,0.38484309384581916,0.36701594553639394
87,1.0,0.9116280462931372,-0.20145058427505003,-0.18696735789248775,-0.6898600913813041,-0.11742847244395016,0.9221338171263889,0.8404279222380613,-0.26655532523412173,0.7857735895313411,0.7157413797282699,-0.380567557079434,0.6815218495384032,-0.9279936448667344,0.6970965144392691,-0.3976162510384249,-0.8824755088905909,-0.8096903080585471,0.8052720014866375,-0.2987015770008833,0.7563793515035928,-0.8595446310628119,-0.7887225235110531,0.8244447515283968,0.7511019358764177,-0.3482341885811837,-0.8373210035161837,-0.25226537917045433,-0.7495680036477703,0.8602472856799386,-0.24843268092722448,-0.22992735652799345,-0.729142320448815,-0.6694838456904706,0.933475505826048,-0.18147346748795423,-0.1687004653723717,0.875251176648429,-0.23471326052107278,-0.2173824442331751,0.8307368212990487,-0.2754167791236486,-0.25460136863692473,0.7967041778979358,-0.3065359163749828,-0.2830564225642288,-0.7777230515583691,-0.19776955805498375,0.8486706646881863,0.7732538888638174,0.7042934801682388,-0.391035411528743,0.6719501393572194,0.6116622599654757,0.5565355755269052,-0.5261438854815138,-1.0,0.6312545631705904,-0.4578215279038318,0.6108815265708261
88,1.0,-0.11481303931815057,-0.6408655965655992,0.9775801127214085,-0.6651174783879482,0.9546264309708616,-0.15775776711331613,0.9057425576204965,-0.20402489309709393,0.8619521048579648,-0.24547124863298542,0.822724367329813,-0.2825991304860712,0.7875839361513022,-0.31585849896547735,0.7561049373299851,-0.34565243108436494,0.727905870512658,-0.3723420055317729,0.7026449855054264,-0.9253353640922276,0.6619186922096245,-0.43479689878416405,0.6435332945454839,-0.45219812850857355,0.6270635503793149,-0.46778624941698,0.6123098595506358,-0.48175017709930046,0.599093419096425,-0.4942591432192591,-1.0,-0.949583929225723,0.6853874321554965,-0.4125844374275587,-0.9226973305599493,-0.876419261601478,-0.832618451640261,-0.7911622933251795,-0.7519252777593297,-0.7147886145206941,-0.7147886145206941,-0.1505551865891065,-0.1456097859195279,0.9172402589649293,0.8650267086614318,0.815608142897674,0.7688349465156752,0.7245655132373536,-0.9045882393516226,-0.8592795476843297,-0.28731153894033845,0.783123782307152,0.7380894695120013,0.6954658376088534,0.6551238431638817,-0.9703127058804037,-0.9214857920894896,-0.3461878911934215,0.7273990735134219
90,1.0,-0.17279074655009796,-0.17000565638306187,0.9496548963577796,-0.22062195331916068,-0.21544849343119565,0.9064811698625719,0.8553746578742505,0.8068200623860613,-0.35632457350001534,-0.34437503475091,-0.89152944148635,-0.8528553605912768,0.8594093929942812,0.8106533298902072,-0.35268271367001236,-0.34091502497933956,0.7872795955501166,0.742125210844502,0.6992255333161237,-0.4585465532924702,-1.0,-0.955909626791478,-0.9140208311610446,-0.8742236810877251,-0.8364137338184933,-0.80049176177104,-0.20785622647283375,-0.20332020137953377,0.9180038563387225,0.866321978656279,-0.8583010495723943,-0.26277890609723276,-0.25550041068240115,-0.8070926201709481,-0.2141274822680952,-0.76778557836427,-0.17678317054522252,0.9432158058044193,-0.22673951886935262,0.8957539425197658,-0.27183145496995587,-0.26410093596873996,-0.2567564272473549,0.867235877259648,-0.8574327849368828,-0.2619539967752348,0.8622978395002796,-0.3036169845536135,-0.2942993093514714,0.8315676349338419,-0.33281272877371704,-0.32203721388519724,-0.8703070216023602,0.8052147753484953,0.7591648280329577,-0.4016002250146121,-0.38738992383701765,0.7431253414913632,0.7001757241451274
91,-0.49997160390396544,1.0,-0.5360137461782329,-0.011059367899196593,-0.011070436477722323,0.9664228295846744,-0.07852283019360962,-0.562631758036972,-0.5245929377973879,-0.0004264170994671135,0.97633257770287,-0.06929670007525357,-0.06529030140200331,0.9159432893557364,0.8519835013102484,0.7924359406849051,0.7369962326310404,0.6853809994154305,0.6373264119469437,-0.8736685153973065,-0.8141730119598019,-0.27002998441920256,-0.25217612113759247,0.7419496752304466,0.6899927317633008,-0.8246353499035777,-0.7685223698280025,-0.227528524314365,-0.7013583841769246,-0.16499780572360223,-0.6431413095114873,-0.5995485863986357,-0.07021129546898819,0.9113617670978402,0.8477180326033411,-0.6777906338572527,0.8344477086297961,-0.20139372699064817,0.7892288765313424,-0.7322449507578264,-0.19375368112889446,0.7963418784351264,0.740632721620258,0.6887666274039852,-0.3370250866519705,0.6629539644508593,0.6164464924692605,0.5731473104052716,-0.4446684747686601,-0.9035190660520002,0.624291016249565,0.580450684441665,0.5396346514943788,0.5016342879740061,-1.0,0.5344657613664143,-0.48068160046625263,0.5292075086386923,0.4919264552822138,0.45721721291663986
92,0.9950414230425089,-0.6129497447813836,-0.5785719186842091,-0.030723606697334094,1.0,-0.09276773297896868,0.9416527792996987,-0.14763832859338988,0.8900516537114531,-0.19616479585984148,-0.18662114337790425,0.8533916339147956,0.8003973596710765,-0.2804770296619311,0.7651281601706668,0.7173930739962802,0.6725022877916036,0.6302863236533573,0.5905858020363841,0.5532508400419511,-0.512897298756451,-1.0,-0.42704085288144933,-0.4037404270359055,-0.8973472515944125,-0.33050467894089974,-0.3129563708481532,-0.29645368047974296,-0.2809343045971078,-0.2663396523064997,-0.7681335160163185,-0.7245090491105262,-0.16796505834903463,-0.1601016900977531,-0.15270686144431,0.8852851299064928,-0.7161661980163725,-0.1601193168867292,-0.15272343793927046,-0.14576824319188597,-0.1392274744316473,0.8979613462716414,-0.1887264031361543,-0.6951448601997554,0.8906872466914166,0.8354707095632581,-0.7630124210517453,-0.7196930951108065,0.8676017208568476,-0.7327959393374097,-0.17575817337804367,0.863607332741233,-0.2210334292726993,0.8210298075786289,-0.261073968263583,0.7833750881801278,0.7345527569425401,-0.34239827503311115,0.7068964985092598,0.6626311518236554
93,1.0,-0.6053003623380896,0.9441044935826233,0.8912336720554312,-0.19171271058310857,0.8498157455375774,-0.7473576657389337,0.8407068039889913,-0.2395054079767267,0.8046092640838995,0.7592869762396675,-0.3165193480520767,0.7317627949880612,0.690382462919884,-0.3816952174492584,0.6701138006476737,0.6320694931300943,-0.4368526856624465,0.6179410797134441,0.5827200052391666,-1.0,-0.9476691002515816,-0.8981699931087601,-0.334881155896276,-0.8350102525400088,-0.2751391911955846,-0.7785011169077372,-0.2216879458958212,-0.21147400439300934,-0.7182810572879204,-0.16472658659187567,-0.15759500669295623,0.8820872311883998,0.8325723623757919,-0.24719966889894507,0.7973313642655382,-0.797001949028519,-0.23918763873084847,-0.7444950181026708,-0.1895220260214504,0.8518878851406599,-0.22892937094010457,-0.7347918580401662,0.8525926355838547,-0.22826275680076513,0.815243539393586,-0.26359077376392714,0.7818272345868678,-0.29519881528235936,0.7519296054381752,0.7094579826605769,-0.3636519351822056,0.6871807031171269,0.6482128508402223,-0.4215828967465265,0.6323845714407239,0.5963819133653816,-0.47060909617581415,0.5860113366975359,-0.48041848772234597
94,-0.5261739944370835,1.0,0.9455560205187987,0.8940253526054993,0.8452521041968732,0.7990887250547298,-0.7707784340444062,-0.2217429320144858,0.8066382016547202,0.7625410625271725,0.7208035728366393,0.6812994671251846,-0.3735400931922028,0.6629637462352473,0.626554664758409,0.5920938427448557,0.559477028321639,0.5286055481607732,-0.5180633206548871,-1.0,0.5787505375430511,0.5468477268677032,0.5166520439275928,-0.529377189753176,-0.501983796194237,-0.9847808950947159,0.593155264168199,-0.9656923416298067,0.6112223841494844,-0.4398673331471813,-0.9259883002159414,0.6488018519328824,-0.4042987525041467,-0.8923230036169576,0.6806657097143287,-0.3741399380784074,-0.35505333041908305,-0.8457127169351785,-0.8013921266602866,-0.7594431427516901,-0.7197388599330431,-0.17343449885013507,-0.16508769168695925,-0.1571875243560522,0.8677392325814375,-0.19707676830102883,-0.18746485712196237,0.8390820478031038,-0.22420049963393507,0.8043121391207344,-0.2571098614175569,0.7731637658851593,-0.28659147706242627,0.745259719196804,0.7044469587033828,-0.3516312299366451,-0.3337490691313675,0.700625542201448,0.6622011681816724,0.6258328924557377
97,1.0,-0.049706651157612525,-0.03844401046871093,0.9180511003223755,-0.12271607891364511,0.8429719288242159,-0.18960516917649273,0.7833794971695718,-0.24269690501201358,-0.6836122758963985,0.8164921479063154,-0.21319637857071583,-0.18409930894588555,0.7882847455172943,-0.23832675024145222,0.7399727550788897,0.6650924834543748,-0.3480804698468022,-0.3042694437030262,0.6812234816504446,-0.3337091365883741,-0.7646963535634461,-0.6754383963537851,0.8237743721985338,-0.20670854248679704,-0.6515497373610566,0.8450571146121495,-0.18774744781914776,-0.6346570313362188,-0.5595845345088958,0.9269902077972558,-0.11475210228969956,0.8500671476528276,-0.656514471758451,0.8406339628829576,-0.1916880959290893,-0.638167810182872,-0.08948180391340577,0.8725808120331338,-0.16322619852426667,0.8068808932796903,-0.22175918054936183,0.7547330360257489,0.6782426254292853,-0.3363648233368962,0.6526292563478528,0.5872769314988442,-0.41740743996040264,0.5804272489162718,0.5229511471850388,0.4717448794553625,-0.5203365706791385,0.488726238130734,0.44125342642930887,-0.5475018351993397,0.4645243217503645,-1.0,-0.8850737257214998,0.6370073076644962,-0.3731019481206159
99,1.0,-0.04694470995634448,0.9417889592354827,0.8833306250500443,-0.15625354506595823,0.8393762957739197,0.7873790615119847,-0.7385585855099841,0.7862151796667012,-0.24724208606532494,0.7541281196417489,0.7075090970742408,0.6638312162851394,-0.36190498264014914,0.6466991764399501,0.6068577252512366,0.5695298264741764,0.534556902909957,0.5017903818171501,0.47109106374172827,-0.5424853754159444,-0.9997094620302351,0.541540018661272,0.508332940638085,-1.0,-0.44354609617710505,0.5702087090691916,-0.9420279043097843,0.5955825116842692,-0.9182549064057064,-0.8593651620254701,-0.8041907054822021,-0.7524971434387131,-0.21165791687880353,-0.6897535363172497,-0.1528727334665816,0.8425438157663037,-0.6868741136489303,-0.15017497034067817,-0.1397425265365264,-0.6223752071872668,0.8950686791304918,0.8395578749477828,0.7875491850596907,0.738821665008409,-0.2916455971089942,0.7125259762425722,0.6685315861809347,0.6273127527804956,0.5886943692885822,-0.4323015303419423,0.5807438678739956,0.5450634630317632,0.5116340948602374,-0.9969071118903702,0.544165571677985,-0.9664280094106603,-0.41209212477110635,0.59967828474349,0.5628033288052108
101,0.07813742815609115,1.0,0.9298450912030478,0.8650290597817814,-0.11671696143502597,0.8199742761427651,0.7635195528442305,-0.21050146638341583,0.7333268907522954,0.6834661431777169,-0.2844627102265507,-0.2568683806432215,0.6904885573682555,0.643887861197608,-0.32102903484179923,0.6312106101816901,0.5891210408379248,-0.37162803083721985,-0.3374003100039701,-0.7667086479804396,-0.7024147920098376,-0.6430137798747326,-0.1272019740429402,0.8102871862683576,0.754569662773138,0.7030923133543869,-0.26633011644709115,-0.7010469861282285,-0.6417500657523587,-0.5869657160870976,-0.5363505247884455,0.8932066441393212,0.8311788449239426,-0.14799113208775205,-0.13078246237404223,-0.5758146801337062,-0.06511681086638377,0.8676475899272524,-0.11429770474868894,-0.09965314751141985,0.8357395122239666,0.7780850345008359,0.7248181355231054,-0.7071889427722955,0.7353692460457786,0.685353072647741,0.6391431933658569,-0.32541262744479604,0.6271606145254174,-0.7974146027874669,0.6520098729836052,0.6083374534087114,0.5679885602528265,0.5307102689478738,0.4962689028056102,0.46444856822960245,0.4350498013994284,0.4078883179439208,-1.0,-0.9179523767934492
102,1.0,-0.17138548828634226,-0.6895076712827999,0.9664640189217919,0.8583706354987575,-0.29809686109916433,-0.27299252267907914,-0.7804123142619073,0.8851344715676406,0.7856076274051957,0.6965640657118821,-0.4428601498425013,-0.40250771971582266,0.6933540598540093,-0.44573204191389915,0.6546826076173231,-0.48033018347043355,0.6237287300168743,0.5517360677205456,-0.5724332402241492,-0.5184327202951653,-1.0,-0.9009633578583442,-0.8123583646160615,0.8565533372062923,-0.29972274117184283,0.7853125727069699,0.6963000894806906,-0.4430963211390542,-0.9325988745804064,-0.8406616742271155,-0.758408330011688,0.9048207496323322,0.8032203260707336,-0.34743812195482215,-0.8470164688263364,0.8255458128907023,-0.8573440653489912,0.8163060345590625,-0.8656106066909739,0.8089102179814391,-0.8722274129932736,-0.25676935168765935,0.82374162989911,-0.3290783517958603,0.7590490239363665,0.6728029119611907,-0.4641185126260201,0.6382328060290716,0.5647124119226052,-0.560823709999079,0.5517136836674958,-0.5724532665379087,0.5413090823376177,0.47799778088317124,-0.638404584421965,-0.5774552232842196,0.5368339877249475,0.4739940533805054,-0.6419865944805273
104,1.0,0.9443475127443854,0.8920648540684832,0.842947976584357,0.7968051882318092,0.7534564041476393,-0.665913055990609,0.7579531017744507,0.716956860726212,0.6784429939896659,0.6422611906566462,0.6082702413348251,-0.8023080127863731,0.6298170323385253,0.5965795925617179,0.5653547218541404,0.5360205566100025,0.5084626122191696,-0.8960721635661467,0.541730419628144,-0.864818764024986,0.5710913862488634,0.541409858710912,0.5135255852530431,0.4873297398647276,-0.9159254137375887,0.5230793088960521,-0.8823405263831283,0.5546305887904603,-0.8526997164417761,-0.7961688896720084,-0.7430610760518337,-0.6931690078002586,0.7323475323628699,-0.6857437588572657,-0.6393223267464894,-0.13616327119459126,-0.5825681335234338,-0.08284561624273878,-0.53247893009855,0.8833076223673844,0.8347210063526149,0.7890763714659497,0.7461955770244588,-0.6727342308366209,0.7515449577034647,0.7109367378937765,0.6727873972184095,0.6369480474319416,0.6032788156607569,0.5716482985108682,0.5419330492301979,0.5140170959238357,0.48779148894197166,0.46315387567406097,0.4400081010897434,0.41826383246751453,0.3978362068465513,-1.0,0.4440955453009776
105,-0.05747627464095062,1.0,-0.1372612792856227,0.9262346547262315,-0.20546113949233247,-0.19429590258570062,0.8735032085224423,-0.25421407688114295,0.8181057709367527,0.7520444140548428,-0.36650898681239763,0.7142833441479499,0.656055234216548,0.6022203481642394,-0.505029050826435,-1.0,-0.4001498560947735,0.6831806281805093,-0.4301771029515413,0.6554188922268085,0.6016320172266858,-0.5055729930739433,-0.4717647652973179,-0.9692454551043959,-0.37171569565240326,0.7094694737090936,0.6516045631085261,-0.4593708011006503,-0.9577865969850091,-0.8898595285746506,-0.2983193186461667,-0.28014807088827487,-0.26334781661887063,-0.7765532537485156,-0.19356183293243323,-0.18329438092359718,0.883674681815652,-0.24481002604780577,-0.23067597445296062,-0.2176083159292278,0.8519496819279566,-0.2741414221033477,-0.2577943605085188,-0.7714187976026866,0.8686615108109992,-0.25869047573561943,-0.24350916495456854,0.8280030132557301,-0.29628135040980397,0.7792124103311147,-0.3413907752557166,0.7375064241789653,-0.9086882443979738,-0.3157274359979759,-0.8249809091207999,-0.2383356940764545,0.8327861534872494,-0.820597228281374,-0.23428275540545518,-0.220942970648777
108,-0.41587851973395384,0.056080986844030845,1.0,0.9067597375587144,0.8227297425439235,-0.6688782944319209,-0.12530735434820328,-0.5793493316669709,-0.0446220570544994,-0.03467461653167159,0.9182092295801199,0.8330482544430771,0.7562994752263019,-0.7287465840031359,-0.1792618579338312,0.7879043070486484,-0.22830416895899963,0.7437063925098113,0.675782796955561,0.6145686900196818,-0.8564772109075189,-0.766334767895576,-0.21313708331820547,-0.18654373879817554,-0.6345367898028298,-0.5663176080259177,0.8495609117080363,0.771181013215636,-0.7153350434270505,0.7767439046396312,-0.7103216540779962,-0.16265694146083975,-0.6130095288468711,-0.5469168085917633,-0.015393216626868211,-0.008332999175450606,0.9419488235835001,0.8544428528014134,-0.6402978032678333,-0.09955004235489062,-0.0841768188004699,-0.07032216132937263,0.886082947079289,-0.6117831155693554,-0.07385203376487559,0.882901755227272,0.801228450249337,0.727622829346467,0.6612879671787044,0.6015056586424752,0.5476286428904511,0.4990735954622516,0.4553148126520492,-1.0,0.5201981350824787,-0.9415258481945471,-0.3710227994103119,-0.32883351350232526,0.65310733047762,0.5941331047348455
109,-0.4644525834953175,0.02369827766978827,0.02369827766978827,1.0,-0.16684188528996924,-0.6178059292341878,-0.004455743590669026,0.9773406651425702,-0.1850789055518769,0.8319688664917251,-0.30207918178179105,0.7378029776128601,0.5984345602626133,-0.4900357083677582,0.5865290322268542,-0.4996176911304012,0.5788171194592879,0.4704772157621522,-0.5930202266246849,0.5036435125092027,0.40997488408581595,-0.6417146060323933,-1.0,0.6642429066991635,0.539230858469903,-0.5376849053087516,-0.9162732811058151,0.731629080147923,0.593465592997183,-0.49403490592896515,-0.8811422444655052,0.7599037594826112,0.6162220376664567,-0.475719728315248,0.598051030552462,-0.9784952475739046,0.681550678890606,-0.4231409672358134,0.6403682449448886,-0.45628602144981456,-0.36260976903668907,0.6890858571334482,-0.9052272550515061,0.740519305842255,0.6006207556328285,-0.48827618234839554,0.5879451599229393,0.47782377998985437,-0.5871074563902983,-0.956050267991809,0.699615178576596,0.5676996923080209,-0.5147721983469056,-0.8978323381678399,0.746470991974751,0.6054108794945292,-0.4844209241745553,0.5910480056981386,-0.4959806642151201,0.5817443251325531
117,-0.7099156960413696,1.0,-0.19170046087015757,-0.1893505623718187,-0.7570792545734385,0.9808561318004887,-0.2099751434598509,-0.7767674215102962,-0.17788193418964282,-0.17615943577651227,-0.17451514364948972,0.966998290338301,-0.22320379983485872,0.9205202364657279,-0.2675716189744419,-0.26177695591038397,0.8836984104681525,-0.8726935288995321,-0.3027216302190756,0.8446127398538505,-0.34003270114986595,-0.33094810058507185,-0.8922478651886757,-0.2881192400228082,-0.28139165701043534,-0.27496952524136764,-0.8388108750481178,-0.2371084399488611,-0.23269689113122394,-0.798457537752741,-0.1985872579796566,-0.19592467946895398,0.9465608078287124,-0.24271336299642865,-0.8080192335447066,-0.2077148258147632,-0.20463782998086166,-0.7716724371166662,-0.1730182764574294,0.9684271955380621,-0.22183977096126528,0.9218223345813392,-0.26632863978573007,-0.2605904114825507,0.8848310824324201,-0.8716122834370417,-0.26842057188350255,-0.26258736396297777,0.8829247972268293,0.8364836781235774,-0.34779268055029655,0.8015880423265147,-0.38110395606216685,-0.3701546046865699,0.7802414126158259,-0.4014813885777392,0.7503369530676953,-1.0,-0.39097912400848345,-0.37958141215609986
119,1.0,0.9527044784243126,0.9076003483255359,0.8645860737348274,0.8235648232526007,0.784444252066935,-0.27361530813377666,-0.26189911701187607,0.7700258181230282,0.7333859240842557,-0.32230789870540977,0.7124160179170314,0.6784454173113783,0.6460488110745921,-0.4055983324801048,-0.3877668377308501,0.6499900544522557,0.6189118994676053,-0.9418536830798852,0.5892737202287022,0.5610087968755884,0.534053500947397,-0.5124044500603075,-1.0,-0.44425168747931854,-0.4246292275418755,-0.4059159549868807,-0.3880697435111574,-0.8814262197952172,-0.33117190676262653,-0.3167888872503599,-0.3030722908014478,-0.2899912393586789,-0.2775162855692541,-0.2656193464945047,-0.25427364039110567,-0.24345362642146884,0.7876166550481285,-0.7809656964275105,0.7853854792638135,0.7480339104323595,0.7124129898073217,0.6784425295061538,0.6460460570729827,-0.9159767599806208,-0.3641215816491079,-0.3482118713570883,-0.3330393218441978,0.7021818247149898,0.6686854153859909,0.6367410292394242,0.6062767548075507,-0.9539033907388217,0.5772240125697656,-0.9816100027384854,-0.4267137726542941,-0.4079039147516723,0.6307860090903126,0.6005976546602669,0.5718080479423926
120,-0.5259142375747422,0.9874607083660583,-0.613920298313938,-0.0577823354636543,-0.5590719602931359,-0.007718323541532679,1.0,0.910900158439214,0.8295723426635286,0.7553386122440255,0.6875801623282589,-0.8876427805950726,-0.3076284768559071,-0.2826661375931462,0.7490354104180765,0.6818267779459979,0.6204806387781074,0.5644856177163466,-1.0,-0.4101849694462807,-0.8807351192096731,-0.3013233588809292,-0.2769110042042373,0.7542885334295057,0.6866216800809144,0.6248572898546969,0.5684805010543657,-0.491895268144367,-0.9553179692247384,-0.8738587906045814,-0.7995051558953756,-0.7995051558953756,-0.22717894542106998,-0.209234080283493,-0.6973128301515954,-0.13390068031765767,0.884824312969968,-0.7076038976383994,-0.143294075704685,0.8762502872908857,0.7979449201222664,0.7264699953212812,0.6612297051594878,-0.9116947327499471,-0.32958241863214166,-0.3027050748241361,-0.7826305107580801,0.7971403840994811,0.7257356375906747,0.660559404189452,-0.9123065645203565,-0.33014088137054765,0.7057018068078802,0.6422730899756066,0.5843771509137621,0.53153137494266,0.483295245030253,0.4392666696868057,0.3990786311709922,0.36239612606720417
121,0.05472808003874374,-0.4179078799418843,1.0,0.9163357832771934,0.8400765269811474,-0.6473410477696145,0.8327056331066693,0.7638483220717438,0.7010854404509614,-0.30139433805339566,0.6753972986559598,0.6204630486026057,0.5703909243618508,-0.4205213315200107,0.5668140084227338,0.5214902585172316,0.4801780273659728,-0.5027496568745722,0.49186355548556016,0.4531735273754387,-1.0,-0.43401206710177176,-0.8633905677968471,0.6357782444838667,-0.8335572785080214,-0.282300873785738,0.6928008367777692,0.6363262327221233,-0.8330577916647166,-0.28184559557132194,-0.7246920607570699,0.7622008109111462,0.6995837473643836,-0.3027631191458757,-0.7437582141716832,0.7448221664108101,-0.7341646263625545,-0.19170527592079356,0.7753779908765903,-0.7063132397059011,0.778952957526035,-0.23041872656301654,0.7400909939946265,-0.7384770517219159,0.7496359032337128,-0.25714098423418486,0.7157338724392277,0.6572295090887421,0.6039032554770769,-0.38997511298477705,0.5946566393514521,0.5468685912276672,0.5033101721984947,-0.4816648941102819,-0.9068257338740372,0.5110821460678472,0.470691117120158,0.43387502119245647,-0.5449544721872226,0.45339420796847096
124,0.9977206637037987,-0.9004630305684479,-0.8769748912486626,1.0,-0.28015784939096033,0.9575339590055774,-0.321117103210539,-0.31818541306047254,0.9208556957155214,-0.3564939422230582,0.8839064361970477,-0.3921321619304572,-0.38668070357986495,0.8547907665595866,-0.4202147445042459,-0.4137668552581002,-0.4075477510974814,0.8346641271148709,-0.4396272471592384,-0.43249056024447996,-0.42560709844942235,-0.41896787679798164,-0.4125642291204995,0.8298256446047607,-0.4442940498230238,-0.43699177463498495,-0.4299485999974769,-0.4231553324613956,-0.4166031047811368,-0.4102833643401894,-0.4041878619874125,-0.398308641269427,-0.39263802804506465,-0.38716862046831824,-1.0,-0.3548733525963301,-0.3507439175551864,-0.3467610038193878,-0.34291941249545244,-0.33921412915790694,-0.3356403173039618,-0.33219331204042957,-0.3288686139946433,-0.32566188344143,-0.32256893463847214,-0.31958573036266136,-0.3167083766403158,-0.31393311766437926,-0.31125633089197013,-0.3086745223158801,-0.30618432190384914,-0.30378247919966594,-0.30146585908035084,-0.29923143766388227,-0.2970762983621268,-0.29499762807381935,-0.2929927135126249,-0.29105893766548807,-0.2891937763766491,-0.28739479505286514
126,1.0,0.9096931513904736,-0.31264519336381036,-0.298894938556612,-0.28623470540470364,-0.27457808480326074,-0.263845517542009,0.8852266245934473,0.8040181866241647,-0.40994300427861485,-0.38847967633956937,0.7704725686727498,-0.4408293660547923,-0.41691758871162865,0.7442890101836861,-0.4649372796801192,-0.439114399722209,-0.41533857261900975,0.745742853197032,-0.4635986869214166,-0.4378819210039412,0.7249865799075714,-0.4827095516213006,-0.4554778133148564,-1.0,-0.3621659943379687,-0.34449008533701075,-0.3282153957213032,0.8259595290278308,-0.38974101425070307,-0.3698791552967159,0.7875985737142144,-0.42506098795374125,-0.9719944025611074,-0.33638047995250053,-0.3207486617314632,-0.30635602202830825,-0.29310432765112737,-0.2809031326314456,-0.26966916090895765,-0.2593257379525926,-0.24980226743858958,-0.24103374941378308,0.9062300392326741,-0.3158337748092972,-0.3018307521171417,-0.28893778870664977,-0.27706688703358395,0.8730533505197742,0.7928099224751906,0.7189276183144726,-0.48828820216288427,0.6785761474653462,-0.5254408975954759,0.6443686514593658,0.5822537074104999,0.5250627909581951,0.4724055604842956,0.4239226178566189,0.37928305545115326
132,1.0,-0.17045445950450266,-0.16665901781130454,0.9425879524854293,0.8811711199471479,-0.282321249497577,-0.82480857135711,0.8337022794367248,-0.327008928201882,-0.31404108406033093,-0.3018330156463176,0.8153336922280907,-0.8971382646845898,0.7613725861092451,-0.3951008820276678,-0.3781435841887455,0.743494099516361,-0.41193188223730215,0.7116854311157148,-0.44187690592474027,0.6834948626723336,-0.46841581126861365,-1.0,-0.3947651911966563,-0.9306645114825215,-0.32949201409019735,0.7892952126180492,-0.9216511703770437,-0.3210067575083465,0.7972833247306692,0.7443797753612704,-0.411098097439361,-0.393203535407152,0.7293164989237599,-0.4252788284291098,-0.9593903788532272,-0.3565348556207948,-0.34183711075395284,0.7776734053998517,0.7259187856878346,0.6771964281942642,-0.4743452254542053,0.6529288362937697,-0.4971909983468119,-0.47425232137084017,0.6530162972004001,-0.49710866170549806,-0.4741748087681926,0.6530892684009901,0.6086339346994103,-0.5388906967047882,0.5921650331326065,-0.5543946983596961,0.577569398667227,-0.5681351861504425,-0.5410399453451475,-0.5155321932597154,0.6141549803430846,0.5719807757723352,-0.5733963760518813
134,0.9967437758045916,-1.0,-0.9708790827121575,1.0,-0.349223242411309,-0.3471202071935424,-0.3451044823427185,-0.3431724430502221,-0.3413206149962966,-0.33954566810229514,-0.3378444105423143,-0.3362137830034434,-0.33465085318430776,-0.3331528105220116,-0.3317169611380002,-0.33034072299374995,-0.32902162124757794,-0.3277572838042194,-0.32654543704916994,-0.32538390176012355,-0.3242705891881513,-0.3232034973015768,-0.32218070718579117,-0.3212003795925349,-0.3202607516324414,-0.319360133604893,-0.31849690595949154,-0.31766951638367547,-0.31687647701125055,-0.3161163617468109,-0.31538780370124053,-0.3146894927336841,-0.3140201730955653,-0.313378641172418,-0.312763743319467,-0.31217437378706914,-0.311609472732281,-0.3110680243129804,-0.3105490548611124,-0.31005163113177514,-0.30957485862499834,-0.3091178799771942,-0.30867987341939007,-0.30826005129946976,-0.3078576586657661,-0.30747197190945674,-0.3071022974633233,-0.3067479705545344,-0.3064083540092061,-0.30608283710659523,-0.3057708344808604,-0.3054717850684192,-0.3051851510990071,-0.3049104171286232,-0.3046470891126253,-0.3043946935173062,-0.3041527764683547,-0.30392090293466867,-0.30369865594605405,-0.30348563584340105
135,1.0,-0.27818898164175265,-0.27035251930445126,-0.2631541453801163,0.925406274365137,-0.34670887064486966,0.8486550402351842,-0.4172105917839827,0.7838939619291159,-0.476698462372123,-0.4526982524066231,-0.43065227321881105,-0.4104014004536103,-0.3917994665472646,-0.37471220571321917,-0.3590162848331273,-0.3445984132581089,-0.33135452509495045,-0.3191890280751154,0.8739340639360933,-0.39398992699815094,-0.37672430667322687,-0.3608645493254742,0.8356519957605493,-0.4291548559499242,-1.0,0.8395326022549832,-0.4255902300514276,-0.4057515370367334,-0.3875282209097475,-0.37078874868654765,-0.35541229753140713,0.840660294844245,-0.42455436047408424,-0.9957741024907788,0.8434144036505562,-0.4220245065472984,-0.40247615460155783,-0.9754936271170372,-0.3199046477649513,-0.30867146353367936,-0.29835294773188137,-0.2888746229612835,0.9017801013328965,0.813536908451187,-0.44946920966848336,-0.4276861571263305,-0.4076768020547854,-0.3892967201262131,-0.963387335606744,-0.963387335606744,-0.3087841179420385,-0.2984564291908215,-0.2889696783834401,-0.2802553916684434,-0.2722506707167679,0.9170504387894689,-0.35438432754557025,-0.34034361573312444,0.8545020006372461
1002,-0.45708000035707175,1.0,-0.04916275286631899,0.9284512174939621,-0.6006761673217693,0.9067892006203129,0.8364762304210493,0.7717930138520877,-0.25909787387917105,0.7353249868792908,-0.778339346171905,-0.7137290080975526,0.8027881697591115,0.74080225756048,-0.2876072910630145,0.7090982352468194,0.6546138017575722,-0.8525882230429942,-0.29633966136406575,0.7010650402652601,0.6472238011750289,0.5976934724384517,-0.9049511082701616,0.6268766632023015,0.57897547022181,0.534909585496872,0.49437192712618483,-1.0,0.5394380579068971,-0.4728488488939021,-0.9183915738381537,0.614512336355372,-0.889478881537327,-0.8159699263099746,-0.748346617875498,0.7709422906272683,-0.7455738156388618,0.7734930827082591,-0.2575339245580962,0.7367637153578528,-0.777015812469673,-0.7125114458632282,-0.6531717550064187,-0.598583219435403,0.9087145722980803,0.8382474432265365,0.7734224108347836,0.7137877289631072,-0.7981521789130921,0.7251245150191048,-0.7877230961197191,0.7347185716921145,-0.7788972074707758,0.742837797281295,-0.7714280644994451,-0.7073710925106854,-0.6484429746946035,0.8628469416409408,0.7960522994444867,0.7346057086576736
10042,1.0,-0.3893483918826435,0.10084071565173436,0.10506880954890607,0.9704108292383795,0.8767770543716633,-0.4987037637002357,0.8653820113994779,0.7835682338247372,0.7109618209454935,0.6465265711933936,0.5893428976586494,0.5385947042162609,0.4935577386197547,0.45358925634376,0.4181188476630642,0.3866402970569225,0.35870435876020057,0.33391234535771597,0.3119104379214763,-1.0,0.4205019119035116,-0.9036294664684994,0.5060268559215153,0.4646550927577342,-0.8644453073443843,-0.7515834269059177,0.6409615558264243,-0.70798046449869,-0.6127272181168513,-0.0973989423474958,-0.07086085516536555,-0.04730937799257717,0.8351813614593053,-0.535618255893606,-0.028967862475204664,-0.010131044291627811,0.8681756263236484,0.786047453885498,0.7131620283028142,0.6484791660807232,0.5910757465109817,0.5401325373656325,-0.7974621332541166,0.6002460627367694,0.5482708214769425,0.5021449006567995,0.461210014739289,0.4248819619809827,-0.8997423494842469,0.5094765147569202,0.467716525209831,0.4306562264096816,0.39776671273756703,0.36857860188553415,0.3426753360724897,0.31968723714471947,0.2992862307184636,0.28118116407020066,0.26511365095397643
10057,-0.388029767426585,0.9822199087492145,-0.5148822207839514,-0.4338407245643634,0.09269689792433233,0.08936738152092882,1.0,-0.49957114839370087,0.036094079451824745,0.0406246704233979,0.9580259084396772,0.834533136550391,0.7281890945879499,-0.7336372389734991,0.7480311827918993,0.653699168905715,-0.3410332856718048,0.6293665943975997,0.5515128484061429,0.48447020369110483,-0.9435122912867605,0.5673002701350816,0.4980653170984397,0.4384446232039254,-0.5263966724556041,-0.44375623065440817,0.5409081931113364,0.4753381557953853,0.4188734518849595,-1.0,-0.39484309994963007,0.5830290390896471,-0.8586397536714546,0.640387047308669,0.5610029544981054,0.4926424734120929,-0.9364748575905092,0.5733604559488148,-0.4102158243029449,-0.8004586397538032,0.690488885053693,-0.7661022375589885,0.7200744115649884,0.6296245934710141,-0.8185146555415195,-0.2385595799395408,-0.19588941726457343,0.7543551698125845,-0.7111046959014593,0.7674347613926109,0.6704082843087245,0.5868553152351412,0.5149048657204638,-0.9173039154729559,-0.3236305443600793,-0.2691470668558682,0.6912703880636513,0.6048204188051518,0.5303752588348201,0.4662678694332516
10058,-0.4210399938793986,1.0,0.008768841552843742,0.9375118248466385,0.8769878381963139,0.820555341033846,-0.15854515688604076,0.7815084406562678,-0.6581938934141622,0.7788779704832631,0.729077810591011,0.68264419745104,0.6393495487210481,0.5989816668807295,0.5613426992005266,0.5262481680176594,-0.43295683439308985,0.5256473008121119,-0.89675853278039,-0.3700423322272376,0.5843087119558452,-0.842062698927923,0.6074389027733047,-0.8204961349932813,-0.7621768086805903,-0.2445584838604642,-0.68841464023017,-0.1757827208588464,0.7654361553720335,-0.6731796741582015,0.7649052453519647,0.716049657375005,-0.7192275894117579,-0.204512680061689,0.7386483736854228,0.6915677797290709,-0.7420544646268368,-0.22579643286940387,-0.2076794744828261,-0.6540286933149064,0.7827615983767853,-0.6570254505633004,-0.14651547567485335,0.7927249019039024,0.7419886738925106,0.694682271889796,0.6505738358046387,0.6094471795485414,0.5711007314554442,0.5353465463303502,0.5020093842845748,0.4709258518427666,0.441943601112057,0.41492058308827806,-1.0,-0.9295460107651872,0.4601783406743276,0.4319226337719413,0.4055770443975193,0.3810124464604199
10064,1.0,0.9212479886699914,0.849095244225262,0.7829887608099917,0.7224218733940739,0.666930374501167,0.6160889563474543,0.5695079511223269,0.5268303444272644,-0.9219455649544509,-0.8396422393107238,0.6454388300847547,0.5963983619637518,0.551467390626944,0.5103015481580697,-0.9370892799281884,0.556157663803128,0.5145987854748291,0.4765224611144794,0.4416368594064244,-1.0,-0.911155863020207,0.5799179103179646,0.5363679690902763,0.4964674290670279,0.4599104774554681,-0.9832576759513085,-0.8958165134836731,0.593971851904548,0.5492442174376189,-0.9014099313367167,-0.9014099313367167,0.5888471516955331,-0.8651256467004987,-0.7875837207800918,0.6931349450191626,-0.7695769696152537,-0.2301503041768923,0.7339649801956809,-0.262276878108458,-0.2352525180027174,-0.6803842818748529,-0.618323326543583,0.8482116441879524,0.782179204754132,0.7216801565766158,0.66625081212458,0.6154663399892935,0.5689375088159172,0.5263077040875483,-0.9224244090402229,-0.37018942253854115,0.6056608702590884,0.5599537185652874,0.518076738158533,-0.9299656358759523,-0.37709870908867105,0.5993305686156436,-0.8555207199288563,-0.3088921337285653
10073,1.0,0.9280019982018299,0.8610423751706291,-0.744499386733303,0.8488496102552576,0.7874290258199177,-0.2985386712939244,0.7491796063254768,0.694733871454869,-0.3847470720562405,0.6690040198786584,0.6201689264466199,-0.45409400508767206,0.604509945346265,-0.9830798246247605,0.626964894223641,-0.9621962601582229,0.6463870388568642,0.5991346687519619,-0.47365629752356053,0.5863166108867175,-1.0,-0.932039151798601,-0.35441151974661445,-0.33162858217983204,-0.8248626264139982,-0.76915779091212,-0.717351147768371,-0.15474725879277118,0.8829085784598922,0.819104567013506,-0.7835024111898392,0.8125759950234421,0.7536938173246881,-0.8443357542266288,-0.7872682004374754,-0.7341942012486311,0.8584336447851959,-0.7469255596663843,0.8465932195089831,0.7853305360006426,-0.8149129549324977,0.7833635430708255,-0.3023196538978886,0.7456632147100719,-0.33738173495765345,0.7130547579221653,-0.36770827068941203,0.6848504557231507,-0.3939388520380196,-0.3683898144857093,0.6842166059698307,-0.3945283453500661,0.6599072344657004,-0.4171365610142309,0.6388811287339851,-0.4366912719568562,-0.9225730895714954,0.6832374027492643,-0.3954390244922993
10077,1.0,-0.09695209877730193,-0.0915351020038877,0.9360150716433882,0.8662475678568244,-0.2209693620813057,0.8160016823137866,-0.2675581015717652,0.7728039035533592,0.7149157222758178,-0.36128652147030693,-0.33662994756406894,0.7087594508726669,-0.36699470874841345,-0.3419226645136919,0.7038519642496772,0.6509824488771498,0.6019610404163966,-0.46601979844417596,0.5887872384175923,-0.47823474545502076,0.5774613561482753,-1.0,-0.4175909483434149,-0.38883625754150974,-0.8734382029465982,-0.8115046763110051,-0.7540789805158816,-0.700833013158698,0.8823286265929611,-0.2060587629727093,-0.1927004392237669,-0.18031440087569894,0.8536975727560079,0.7899215469354608,-0.29173999467375844,-0.2721453637146036,-0.2539769276864273,-0.23713088101180435,-0.7327747000535971,-0.16981563798891564,0.863432183337913,-0.22357982887872507,-0.7202099610540444,-0.15816542333573025,-0.14829301561961694,0.8833882819493291,0.8174512182895426,0.7563133828546316,-0.3229019890180165,-0.30103923275118927,-0.2807677568830572,0.7605557128128575,-0.3189684369844459,-0.29739198424549396,-0.27738597330710124,0.7636913533201457,-0.8273247504789681,-0.2574838643614882,-0.24038256535168934
10078,1.0,0.8751317451456586,-0.057681214521376756,0.803990247149825,0.7087244444657006,0.6278461981475576,-0.6810218535503788,-0.13861161159842683,-0.09152058747464764,0.7752614791779553,0.6843344502917168,0.6071397127044844,0.5416033415709112,-0.754239847844869,-0.20077182870282695,-0.1442930326597095,0.7304590138626723,0.6462982954141454,0.5748479834951754,0.5141884838208646,-0.7775143656194891,-0.22053130302073354,0.6657346591057729,0.5913489625022246,-0.712007079426678,-0.16491728120954552,-0.11385343269746218,-0.07050152255184161,0.7931061313228642,0.6994841066319144,-0.6202030891578139,-0.6202030891578139,-0.0869780256870506,-0.04768498475080529,0.8124767922778571,0.7159293056846927,-0.1928400411977922,-0.13755914656941504,0.7361759120836948,0.6511517967700173,0.5789684828465238,0.517686683091773,0.4656599919209887,0.4214906528184712,0.3839920060114119,0.3521566074989533,0.3251291629177726,0.30218354908156075,0.2827033058517896,0.2661650742315853,0.25212453572816806,-1.0,0.41738702896703717,0.3805081336112206,0.3491988883365176,0.32261813448763865,0.30005174973528725,0.28089346236366586,0.26462856308796834,0.25082007680122165
10079,-0.5796079472364652,-0.05307196482431009,-0.05307196482431009,-0.5796079472364652,-0.5796079472364652,1.0,-0.6274357998203022,0.9521721474161631,-0.6730914328795572,0.9346762230072116,0.8898152103741008,0.8469916709343215,0.8061130678330433,-0.812516880232236,-0.7780248220700623,0.8345086416978074,0.7941969860626725,0.7557161833868122,-0.8606248662550994,0.7556600816170493,-0.8606784200250451,-0.8239989871132213,0.7906225064017096,-0.8273038997278558,0.7874676945196128,-0.8303154280712517,0.7845929421407007,0.7465483307340532,-0.8693763383376478,-0.8323018680791496,0.7826967211900355,-0.8348697159161607,-0.7993624487600793,-0.7654678314474295,0.8464953257160894,-0.7739686818831507,-0.7412273849316033,-0.7099731144856599,-0.6801383335802564,-0.6516585726076576,0.9551356572305834,0.909345429086406,-0.7139730704937082,0.8956513254853884,0.8525627245279455,0.8114310983295638,0.7721675660697369,0.7346872836689609,-0.8806986867862463,0.7364979630029866,0.700637703330178,0.6664061255238884,-0.9458786882439303,0.674278271576586,0.6412438721761569,0.6097098112497299,-1.0,-0.9569929349686551,-0.9159391415418067,-0.3502139246746625
10080,0.02550137282457099,0.02550137282457099,0.02550137282457099,0.02550137282457099,0.02550137282457099,0.02550137282457099,0.02550137282457099,0.02550137282457099,-0.4478459402765326,0.055164231224703375,1.0,-0.0077627129726796085,0.9410164457482597,0.8836446318186397,0.8298680891531656,-0.1672331102942104,-0.6285024934623855,-0.11417126951638101,0.8412761048212045,0.7901546350423037,-0.2044578747404937,0.7566474144348156,-0.23586532650435954,-0.6928337922387982,-0.6478184859396809,-0.6056241160220152,-0.0927265921344147,0.8613769266218425,-0.611046123772987,-0.09780882348080988,-0.5634287601057788,-0.05317545713809124,-0.5215923954341408,0.9327338094185693,0.8758810365013887,-0.5974509307620255,-0.0850655890086317,0.868557844100927,0.8157267324866011,-0.6538355955441342,-0.1804882824430305,0.7791149244291802,0.7318888571188675,0.687622266092984,0.6461296923375375,0.607237298842757,0.5707821422967188,0.536611490419135,0.5045821820752125,0.47456002748871917,0.4464192460413945,-1.0,-0.4623884539154103,0.5148803541716365,0.48421285268610803,0.4554671657516993,-0.9915190786728153,0.4922556268421885,-0.9570360091666508,-0.8954641645016803
10081,1.0,-0.11203765746622074,0.9526753405486519,0.9052422777445355,-0.20236745296554393,-0.7270231865693375,0.8976240078316482,0.8527634347760895,-0.2523940158730059,0.8188776842717942,0.7776968424797033,-0.3239528268022397,0.7506627398476771,-0.8809202368409677,-0.8426713444037233,-0.2750131996622114,0.7973154706874261,0.757142208015847,-0.3435469652374995,0.7319842144914981,0.6948638113699026,0.659478004883479,0.6257457391914028,-1.0,-0.4249900558796007,-0.9392428739583943,0.6953211188797317,-0.9336758032016532,-0.8929616997160249,-0.3229535405950743,-0.31077783358837696,-0.2991710843145866,-0.819303288024041,-0.7839336895356603,-0.21902029242413168,-0.21170127466106226,0.8576688973200768,-0.7789143623688972,-0.2142355130338507,-0.738336664916291,-0.17555396787338806,-0.17026608484940087,-0.6964218809642687,-0.1355978168319235,0.9302161221675065,-0.17856060951401942,0.8892609347201876,-0.21760200496650894,-0.21034926225556239,-0.20343543243467688,0.8655484856023501,0.8221867673072869,-0.2815418684571097,0.7910918795848869,0.7512094386522254,-0.8803990846853528,-0.31097796309440373,-0.29936186198338754,0.7741045952484369,0.735015951898043
10082,1.0,0.9269102291255933,-0.17820349502628852,0.8689094169308733,0.8050576091995199,0.7457054431100716,-0.3466387662882334,0.7123437917676685,-0.8962367170128923,-0.317111247909733,0.7397905037289558,-0.8707241768857683,-0.29339657838370137,0.7618339987289298,-0.3316467911839276,0.7262792812708527,0.6724786298122658,-0.41470528060429146,0.6490739297801476,0.6007139451857966,-1.0,-0.41356232462393394,-0.38703825330192454,-0.362383335259577,-0.858053148560918,-0.858053148560918,-0.2816184783677276,-0.2643924997090541,-0.2483804370482059,-0.23349674563449108,0.8175126858072841,0.7572828095425312,0.7012973371397324,-0.9065047271612547,-0.32665567061891965,-0.3062559176711829,-0.28729373683157544,-0.7882551197213951,-0.21673912181404875,-0.20408519623924815,-0.19232299374125528,0.8557849203409524,0.7928579968608562,-0.30280905650878787,0.7530848186376806,0.6973951789663104,0.6456299923463289,-0.958249190024978,-0.37475369733444086,-0.3509644728651894,0.708322918055057,-0.8999742394557914,-0.32058538686798,-0.3006134072678489,-0.8006361519909361,-0.22824766181830902,-0.21478272857308212,-0.20226667017554334,0.8465419755248762,0.784266403053717
10083,-0.2984293587853216,0.13438042747645218,1.0,0.017647606208729405,-0.39942021673144756,0.1053750665902613,0.10928657427285993,0.11267059697049109,0.11559826848422183,0.11813112989153729,0.12032242316968755,0.1222182103679117,0.12385834185409283,0.12527729398884846,0.1265048938353801,0.12756694613883157,0.12848577575456743,0.1292806969274798,0.1299684192867967,0.13056339909060743,0.9966977156269778,-0.41801913603501917,0.9549038704941544,-0.4541768869656775,0.9236221602756145,0.8171892455677319,-0.5733200548597437,0.8205460021448585,-0.5704159725034814,0.8230584555021923,0.7301870236303698,0.6498397358533554,0.5803276531492549,0.5201895977705637,0.468161438578073,0.4231495183902061,-0.9142216940075593,0.5256165329613873,0.4728565263433411,0.42721145175562447,0.38772182755596507,0.3535575626595726,0.32400050762127885,-1.0,-0.8470235287030671,0.5837527134529208,-0.34246679974506467,-0.2781617355873982,-0.2225285081108762,0.691221892676303,-0.6823001249338778,0.726262400872395,0.646444366709199,0.5773901653100313,0.5176482438148573,0.4659627980111416,0.42124737471923024,0.38256203401871414,-0.9493357675306442,0.4952377554027898
10084,-0.03165262613698727,-0.5474789392054809,1.0,0.9472942769212429,-0.13437140891646493,0.9025289794837119,0.8548029176643575,-0.222137511003769,0.819246727633514,0.7757754422691259,-0.2971275806596376,0.7480877981742622,0.7082519252884947,0.6704512127190243,0.6345816869060168,-0.43110793998024,0.6209523123483225,0.587611617722815,-0.4756783725060627,0.5786589223217786,-1.0,0.5969504834422024,0.5648360094607956,-0.49729040606125186,0.5581510180314893,-0.503633870412421,-0.4795209935303093,-0.9724663236501557,-0.9244014373177223,-0.8787921203549274,-0.3196866080093307,-0.8207976584969683,-0.2646550039674106,-0.2527512308450499,-0.757281918295376,-0.7202105092169714,-0.16920671470765591,-0.1621792642685448,-0.15551083667046528,0.8824695362099702,-0.19588434219758155,0.8441586579162075,-0.23223797006508784,-0.22199033891203346,0.8193863809041704,0.7759079608449981,-0.8128281453452343,-0.25709264235351614,-0.24557521995323506,-0.750472519995137,-0.19792268070342933,-0.18942817079743202,0.8502849923408631,-0.22642462169551825,-0.2164739865676416,0.8246209103445126,-0.25077756080859503,-0.23958276729588124,-0.22895990048781245,0.8127728847064912
10085,-0.3916188999649761,1.0,0.8967797423375545,-0.09027738430766374,0.8208324691733939,0.7372018203759503,-0.23240756302976906,-0.6484416134104595,-0.5714264997725371,-0.055270652007175514,0.8520116765298005,0.7649719922111613,-0.6552350156846423,-0.5774771330148543,-0.0606597282248702,0.8472118247924632,-0.5819870252410211,-0.06467652315641959,0.843634213463194,-0.1376121498212235,0.7786731366071387,0.6996520553533909,0.6292708881884777,-0.7760989919192227,0.6575577403640027,-0.303343612247025,0.6310622259943115,0.5681804529610388,-0.8305099929546681,-0.28602677877754235,-0.6961982743789097,-0.6139615990843954,0.8019675455417825,-0.17472311658672457,-0.14950287907440163,0.7680825019308892,-0.652464599220088,0.767674341172697,-0.20526681088990362,-0.1767070228355211,0.7438527728604727,0.6686388396049547,0.6016485589659362,-0.3531398612934674,0.586710540688093,-0.3664446040892456,0.5748604962197199,0.5181236418485582,-0.4275324292108408,-0.37467082426498854,0.5675337048352136,0.5115979385674361,0.4617780113565155,0.41740523678113184,0.37788404046982493,-1.0,0.45813735749777273,-0.9285213258074103,-0.8208831858233342,-0.2774525361675343
10086,0.1196757183120718,1.0,-0.03318413937649278,-0.006641493014670208,-0.42486986314632413,0.10984738860184562,0.1115539836737669,0.1129642449000221,0.11412962780719305,0.11509265316380168,0.11588845841524664,0.11654607972696196,0.11708951141308921,0.11753858140553985,0.11790967470625757,0.998540612906873,0.8459341637724154,0.7198263590378635,0.6156159635718361,0.5295007025374785,-0.8621478929220959,0.6288227711676484,-0.7800721477115538,0.6966468514025175,0.5964613548426483,-0.8068143148610626,-0.20577607691663957,0.7310597836723738,0.6248988118940655,-0.7833147491393831,0.6939672965736625,-0.28607720271008996,-0.6557842452972572,-0.5211330694223626,0.030299363672146917,0.9261429910548069,-0.5343787288172537,0.8996779675199491,-0.5562483551610831,-0.43888063075698835,0.8816057917749041,0.7493039513952997,0.6399750550921497,-0.7708563507942418,-0.6162240088466975,-0.48844208813123535,0.832044334400657,0.7083483651513356,0.6061310130995836,0.5216627226299724,-0.4284627420434657,0.5470405194664449,-0.8476536967665387,-0.6796862331821403,0.6408001893497519,0.5503119293552523,0.47553608674258796,0.4137443511210408,0.3626821569990515,-1.0
10087,-0.6167018023960535,-0.5898590308565637,1.0,-0.09930991654732246,0.9438318056060431,0.8903451847503225,-0.20332018518996298,0.8451755271883377,0.7967672967374306,0.7508509086403885,-0.3356339107593248,0.7196727290645826,0.6777248295322051,0.6379362229906431,0.6001957585533884,-1.0,-0.9534267265592253,-0.9092508399726456,-0.34588293103378587,0.7099512831833112,0.6685038008395419,-0.41374215237925394,-0.918812851415149,0.6879792723245504,-0.9167351946292177,-0.3529820240984578,-0.8611803867499415,-0.3002869328819251,-0.8111978065859927,-0.7743432379536632,-0.21791977778803684,-0.21160454732208145,0.8373176075070852,-0.2536181364653286,0.797466692766307,0.7515143028441484,0.7079273394290684,0.6665840407896337,-0.937029093939989,-0.3722312829140776,-0.8794387785590528,-0.3176054631509717,-0.3061588529475707,-0.2953014637887593,0.7579290394224254,-0.8503861332517102,-0.8115143222774663,-0.253177458515089,0.7978846865578697,-0.8124872267341479,-0.2541002821382252,-0.24592263876677412,0.8047660601597313,0.7584379309746845,-0.8499034371937221,0.753341533606539,-0.8547374944867239,-0.2941756923166383,0.7589968611407776,-0.327907275991973
10088,1.0,0.9254190954759638,0.8567821028214817,-0.1421844560331006,0.8100636518040714,0.7506201999793058,0.695914242840658,-0.7581314308118081,0.7111059945251235,-0.7441504238043195,0.7239727501832822,0.6713905282573776,0.6229989781264511,0.5784641137121294,0.5374785667925548,0.49975946562568474,0.465046482641015,0.4331000377253986,-1.0,0.4885137463797562,0.45469701913955785,-0.9801242440790605,0.506805454181559,-0.9321687212003891,0.5509390416269144,-0.42365258890980273,-0.852671818382456,-0.779599404916476,0.6913489643532267,-0.7623328680028318,-0.696460243314841,-0.635837502337169,0.8236534022559645,0.7631268812524226,-0.6962754718582677,-0.6356674567043288,0.8238098956764544,-0.6404287421644518,-0.5842715719234468,0.8711096567706513,0.8068009907757803,0.7476175648884333,0.6931509102692506,0.6430251120254618,0.5968942147426295,0.5544398347890314,0.5153689629134215,0.4794119419702627,-0.9573790388872879,0.5277379233120356,0.4907951271091564,0.4567965795212028,-0.9781920134174417,0.5085836908840322,-0.9305322055230248,0.5524451310910077,0.5135332321195556,0.47772251433703294,-0.95893382335648,0.5263070512828976
10089,1.0,0.9708524496563491,0.9424668237475404,0.9148232053736096,0.88790219826746,0.8616849131853881,0.8361529546533604,0.8112884080597487,-0.8854930027437321,0.8072135469781407,0.7831054839166831,0.7596276118011778,0.7367634572788142,0.7144969776144481,-0.9797542803950544,0.7154162832784279,0.6937078242124981,-1.0,-0.9768670378574129,-0.3968165006631639,-0.9469731863645945,-0.3677040821084614,-0.3610994972810373,-0.35466755799338145,-0.9059260278565768,-0.8852521834516268,-0.307596482027221,-0.3025631252680795,-0.29766134174438486,-0.2928876920980479,-0.8457611034864128,-0.26913770901161505,-0.2651096744338973,-0.26118693371219737,-0.25736673443813796,-0.25364639615200213,-0.25002330846197707,-0.24649492921256055,-0.24305878270084658,-0.7972347345491695,-0.22187983179293946,-0.21908713023522386,-0.2163674306118375,-0.21371882463351066,-0.21113945389414446,-0.2086275085668512,-0.20618122613408207,-0.20379889015094865,-0.20147882904087144,-0.19921941492271145,-0.19701906246855938,-0.19487622779138414,-0.19278940736175687,-0.1907571369528933,-0.18877799061327294,-0.18685057966611274,0.9300710014844664,-0.2122931401386272,0.905293516062184,-0.2364229357429105
10090,1.0,0.952946548073009,0.9079605394028503,0.8649511342860552,0.8238314843508154,-0.8218331510871335,0.8175131465608707,-0.8278738725848986,0.8117378433993911,0.7729562888622996,0.7358787254275312,-0.9059214254527728,-0.8692321499552492,0.7721967736548747,0.7351525819394966,0.6997360447580641,-0.9404760623470485,0.7040831894373678,0.6700317849591015,0.6374765373766889,-1.0,-0.4237265133030388,-0.40822400686869953,-0.3934026524238339,-0.3792325213865879,-0.3656850001826616,-0.8881833018903478,-0.8522734073403664,0.7884103799061619,0.7506537917662841,-0.8917955487062883,-0.32027636916480506,-0.3093192742605013,-0.2988436142147819,-0.28882823565395743,-0.27925291464517676,-0.27009831585848343,-0.796796522947301,0.8414497107117356,-0.8049890376083829,-0.23728397857599548,-0.22997341864977272,-0.22298407145511723,-0.21630182348773364,-0.2099131813650833,-0.2038052445793611,-0.19796567944765453,-0.1923826942066883,-0.18704501520185846,-0.18194186412247793,-0.17706293623726455,-0.17239837958612148,0.9029623637619726,0.8601725694091491,-0.25163825790857186,0.8272041418409304,0.7877430262278367,0.7500157603970705,0.7139461621368273,0.6794613965433882
10091,-0.4686905214891428,1.0,0.9519707494617191,0.9062788293015269,0.8628104939740504,0.8214575333298599,0.782117003236934,0.7446909693113601,-0.7361600852461787,-0.6996995787511476,0.7455467696143387,0.7099004161339504,0.6759887827236037,-0.8015188986612741,-0.761877723337168,-0.24241689221009655,0.7335133020348903,0.698452553972283,0.6650980276517777,0.6333666902576442,-0.8420667986220018,0.6447939775602645,-0.8311956171393187,0.6551361159610671,-0.8213567760831069,0.6644961525006949,-0.8124522431688512,-0.772278999616212,-0.2523119932158344,0.7240997434208358,0.6894971036207556,-0.7886679565163627,-0.7496521687868105,-0.2307862909375703,-0.2189196623084061,0.75586704565198,-0.7255278896125448,0.7556615523472556,0.719522965723846,-0.7601032948033536,0.722768749820063,-0.7570154659049333,-0.7195400379981791,-0.2021395587810738,0.771830550017711,0.7349051035325533,0.6997766238296583,0.6663576620106666,0.6345650248540069,0.6043195677135458,0.575545997495768,0.5481726852250197,-0.923114860635276,0.5676900973800565,0.5406990903458437,0.5150215933075037,0.4905936846593293,0.4673545535231223,-1.0,-0.46895101322390087
10093,1.0,0.9674649699987092,0.9357583177058011,0.9048589517121783,0.8747463176192567,-0.43243238017254504,-0.4284961036327479,-0.4246600490303356,-0.4209216646043653,-0.41727846356453957,-0.4137280224369816,-0.41026797945212945,-0.40689603297367627,-0.40360993996751127,-0.4004075145096434,-0.3972866263321144,-0.3942451994059357,-0.3912812105601038,-0.38839268813577765,-0.3855777106747228,-0.38283440564114823,-0.38016094817608725,-0.3775555598834931,-0.37501650764724126,-0.37254210247825337,-0.3701306983909739,-0.3677806913084528,-0.36549051799530663,-0.36325865501784693,-1.0,-0.9816128265578099,-0.3426964442884952,-0.34104494354033743,-0.33943549182072197,-0.3378670185150561,-0.33633848026777347,-0.33484886028829053,-0.3333971676746319,-0.3319824367542783,-0.3306037264417967,-0.3292601196128261,-0.3279507224940018,-0.3266746640684143,-0.3254310954962033,-0.32421918954990747,-0.3230381400641873,-0.32188716139956164,-0.32076548791979553,-0.31967237348259625,-0.3186070909432761,-0.31756893167105205,-0.3165572050776613,-0.3155712381579795,-0.314610375042334,-0.31367397656021656,-0.3127614198151044,-0.3118720977701065,-0.31100541884415955,-0.3101608065185064,-0.3093376989531921
10094,1.0,0.9241747157624631,-0.11286070616961774,0.8657175501038881,-0.16673480932834428,0.8160671957211767,0.7546623085091431,-0.26908328063358855,-0.7289894194373349,0.7814709796820214,-0.7279538522017415,-0.18472950876533,0.7994832870958319,0.7393785841959433,-0.2831687555453898,0.7087617121417729,-0.7949626874048932,-0.2464848275463587,0.7425696071880354,-0.7638053433088821,-0.21777023026697084,0.7690329698667238,-0.2558392842181748,0.7339485432337085,-0.28817307937224346,-0.7465825711910885,-0.20189772958548868,0.7836610608709218,0.7247968261131088,-0.29660729862800295,-0.7543555446688309,-0.6926387326108785,-0.1521831070630466,-0.1376768274717607,-0.6078852787625945,-0.07407435402583817,0.9014630384970315,-0.6173692133127437,-0.08281474474696104,0.8934078975052913,0.8259394718704576,0.7637605947104307,0.7064565635506224,-0.3135096781073713,0.6807995286588766,0.6299996744718113,0.5831825468521323,-0.4271189682189388,0.5760972471454648,0.5335060889265784,0.49425409260271347,0.4580794666981878,-0.5424139225629899,0.4698414580726513,0.4355807913650307,-0.5631486937784225,-1.0,-0.4354471421863343,0.5684220049679052,0.5264325884551881
10096,-0.6352670589129117,-0.09017803927527446,1.0,0.9560767538543178,0.9139231742057303,0.8734679612349909,-0.800624371122112,0.8632665528686088,-0.26532574536096043,0.8319089906455812,-0.8405089318179106,0.8249889401333639,-0.3020611540290997,0.796653650680959,-0.8743438350103474,-0.29766079492445985,0.8008767194264839,0.764976145313143,0.7305220044398255,0.6974560200471895,0.6657222633450808,-1.0,-0.4182542761452924,-0.40503609270420005,-0.9374394891835295,-0.35821432675695164,-0.3474151513866067,-0.33705107452391225,-0.32710456606079363,-0.8626478218144326,-0.28643601380992945,-0.278528784886781,-0.2709401380206997,-0.263657237548513,-0.8017567845932363,-0.22799827496714353,-0.22244550109162664,-0.21711644833774224,-0.7570911226246893,-0.18513219141076886,-0.1813064909778611,-0.17763492792044666,-0.17411129204749232,-0.1707296233764074,-0.1674842020521522,0.9258085006027701,0.8848744281264713,0.8455895884143152,0.8078875339191662,0.7717044942639137,0.7369792683783583,-0.9316139379310125,-0.3526234868198166,-0.34204956625178173,0.7582763705942717,0.7240921634780983,-0.3988928020570439,0.7037233473488325,-0.41844095908998746,0.6849627850775879
10097,-0.4168335728455931,1.0,0.9452031774360341,0.8935853010312944,-0.09959376569771683,0.8539562231420961,-0.6092016864225156,-0.09836550263977584,-0.08944248466066451,0.8635185945607797,0.8166395128315185,0.7724800427483036,0.7308824105828007,0.691697995586068,0.6547867989937417,0.6200169438359964,0.5872642037651987,-0.8604220136277583,-0.8072895596746794,-0.2849616386998942,0.6793421577578023,0.6431477644648338,0.6090531284599798,-0.8398971370151683,-0.3156775418903499,-0.29414752883004036,-0.7461444011409862,-0.6996415720512155,-0.1835586693236939,-0.16969331203821125,0.7879233849276519,-0.6714037397920982,-0.1569590077504811,-0.1446367854140398,-0.1330294162303307,-0.5943732868025848,-0.08439734786276876,-0.5485625266736862,-0.041244222486195414,-0.0356350001919038,0.9142045276678732,0.8643849861667066,0.8174556421751615,0.7732488257108792,0.7316065938855454,-0.7244534062418203,-0.20693108638547708,0.7528458978780879,0.7123873078413874,0.6742758553463706,0.6383753751278964,0.6045576013213074,0.5727017091919002,0.542693883450198,0.5144269116106899,0.48779980094118414,0.4627174176342057,0.43909014691126225,-1.0,-0.9387701622401756
10099,1.0,0.8455401325495513,0.7207676931559361,0.6199767117236397,0.5385579145320742,0.47278793747739,0.4196590528588169,0.3767416229429337,0.34207299016796977,0.3140677228245845,0.2914451116571528,0.2731706017316591,0.25840848119016546,0.24648366330065352,0.23685081405664943,0.22906941350047672,0.22278361029917604,0.21770594830243706,0.21360422088154163,0.21029085188491892,0.20761431759064708,-1.0,0.4353954773739699,-0.8159987353142761,0.5840314112595986,0.5095213570258104,-0.7561199656440594,0.632401387765231,0.548594548409687,-0.3227392969528825,-0.624784008918641,0.7384943682346183,-0.5711559252405574,0.781815050370164,0.6692906714199738,0.5783936540612686,-0.29866762600516106,-0.6053389507685611,0.7542020558015166,0.6469849375865686,0.5603751171506925,0.4904118396365902,0.4338956134640708,-0.41539291724428373,0.5058227588679081,0.4463445299206794,0.3982981095847409,-0.4441485252132762,0.4825940237164381,0.4275803939886913,0.38314046992084183,0.3472419687506827,-0.4853915959412308,0.4492779356752443,0.4006677101662366,0.36140044601311727,-0.47395440014861057,0.45851688455188633,0.40813091862160666,0.3674292141329545
100100,-0.0860652052518005,-0.0860652052518005,1.0,-0.13656310705251273,-0.13421514665939516,-0.13197635749539915,0.9562235417382581,0.9077610787673644,-0.7675458718530425,0.8932381953898454,0.8477043114945042,0.8042875800375551,0.7628895614820224,-0.3626488118967618,-0.3497887260193159,-0.33752658522900436,0.7602306178985743,0.7208810805364114,0.6833611470175625,-0.43847945753060946,0.6639716702410279,-1.0,-0.414472905059756,-0.3992031959342759,-0.38464347021330514,-0.37076071636856023,-0.3575234577822817,-0.3449016813797322,-0.3328667695800117,-0.3213914354109011,-0.8534822632665187,0.8112975193659429,-0.31649163996176444,-0.3057776870462263,-0.29556189219671425,-0.28582109295762426,-0.2765332038394529,-0.8107097688698687,-0.7770165524432165,-0.20185733982113985,0.8895917593373086,-0.7848703870264772,-0.7523786035898601,-0.1783649618927623,-0.1740733742196222,-0.1699813290526221,-0.7091121510499754,0.9489549703956484,0.9008304683502271,0.8549435726352057,-0.27487496218609286,-0.8091286291471924,0.8535888781730394,-0.8191992711334937,-0.7851113251366718,-0.24207872251077156,-0.23482468726866035,-0.22790793707862866,0.8647524157833704,0.8205430123099489
100101,1.0,-0.0866706168608119,0.9265747000027038,0.8526493313203374,-0.2223524151545938,0.8016377007125512,0.737606237936286,-0.32828511251860637,-0.8063019837034139,0.7673970826513972,0.70607717413999,-0.8607826599253688,-0.2896998191157457,0.7396236157969795,0.6805031203441949,-0.38086616798649786,0.6556768358502034,0.6032041832832933,0.5548869009436994,-1.0,-0.41789237653174094,-0.38534783778348225,0.6515500746833729,0.5994042251204852,-0.9590080543667923,-0.3801466306256538,-0.8540565280299639,-0.28350633740774134,-0.7650692917388909,-0.20156610358759486,-0.18615269334160067,0.8349707245619331,-0.23863103253585294,0.786648205925613,0.7238037786299867,-0.8444598458085617,-0.2746696275840177,-0.2534670644695024,0.7729870565712269,-0.7991714487022143,-0.7364329779285889,-0.1751975326872912,-0.16187228015957278,0.8573283436577486,-0.2180439392320389,-0.20132563006636028,-0.689396569945043,0.8750446210789149,-0.2017306343715014,-0.6897695014894374,0.8747012224161375,-0.2020468388958161,0.820335254832051,-0.7555728091876193,-0.19282165850588828,0.8288298824852929,0.7626450392903392,-0.30522916288987134,-0.281606554724105,-0.25985464830223115
100103,-0.6775970966902432,-0.6775970966902432,-0.0974366281941551,-0.09892849127244385,-0.10034276007954268,-0.10168347042209447,1.0,-0.16152580910730874,-0.15968428767030218,0.9450159013825332,-0.21365009362967424,0.8938569464294825,-0.26214818654908034,-0.255073128498287,0.85458839225543,-0.29937431814015114,-0.8418402913887308,-0.25313726213355836,-0.24653087719556244,-0.24026810128705667,-0.23433106273294868,-0.7801800434924617,0.9082703822768821,-0.7999616414865915,-0.213436790218971,-0.20889529262146578,-0.7560672299395768,-0.17182539976341138,-0.1694481795467082,0.9357598457044698,-0.22242472651171552,-0.7688929755506522,-0.7354612811878207,-0.15229120055679546,-0.1509299864151623,0.9533148769207529,-0.20578276156321929,-0.7531165867801162,0.9339262237529284,0.8787914694510828,-0.2764300831015827,-0.2686121999414831,-0.26120093784124043,-0.2541751477656319,0.8554396675219422,-0.29856731911108214,0.8133564065800087,0.764492688291571,-0.9362612193227051,-0.8941244252192806,-0.3027020115122684,-0.2935176818146511,0.8181434038718096,-0.3339237422770901,-0.3231155186181316,0.7900849996134363,0.7424316657693963,0.6972568607952012,-1.0,0.6998836260183536
100104,-0.02317070757422368,-0.5103689851415021,1.0,0.8975688413509721,-0.1690043350572632,0.8199918438961711,0.7355815725335915,-0.3147748147225249,-0.28558188890779823,0.7150850443244507,0.6411771504739963,0.5746682870535269,0.5148177259966391,0.4609588946379026,0.4124919519041226,-0.6055194474202994,-0.5472196390709603,-0.9819545898007651,0.5756255396100782,0.5156791465597981,0.4617340770926843,-0.5612070254572759,-0.507343400328016,0.5155244113992663,-1.0,-0.4150098725636969,-0.37578226432899997,-0.34048179096316245,-0.3087153010870345,-0.7673272798647132,-0.2056303684411931,-0.187364057325209,0.8034701410422473,0.7207138822052945,0.6462424769273583,0.5792265160560799,0.5189196238369891,-0.5097464098194182,-0.4610345843317598,-0.417199372968874,0.596643984579518,-0.43980315174839524,0.5763031040955526,0.5162888790453992,-0.999312064359879,0.5600057479392151,0.5016230757293176,0.44908518065701486,0.40180693329100303,0.35926178238753304,0.3209758905399367,0.28652285691710144,0.2555189683165351,0.22761892564165054,0.20251199820784005,0.17991856304675036,0.15958699066601612,0.14129084258026858,0.12482634940153092,0.11001014140177956
100105,-0.6242654718453922,1.0,0.9512367930726169,-0.7195959543166563,0.9333440953772907,-0.1952610743225227,-0.7316204552879376,0.9218610883051515,0.8766166755522153,-0.24943391397643577,0.8409117178243553,-0.8249528104835587,-0.7915337451104537,-0.21819780140432377,0.8707411887045484,-0.25504481268941803,0.8355534921685783,0.7941957302520637,0.754700413672238,0.7169836717728704,-0.9433000610384346,-0.3631296936529709,-0.8919295232123051,-0.8554943259087494,-0.2792780743735802,-0.8118539558773095,-0.2376029413349081,-0.2306337362566787,0.8588652756667174,-0.8078077470695935,-0.775160767561943,-0.20256214072862844,0.8856727357637897,-0.2407856712174562,-0.7750949636562543,-0.7439211240888466,-0.17272929795291336,-0.7101033421854459,-0.681856240834107,-0.11345935443943067,0.970762996686038,0.9233164064699448,0.8780064570340786,0.8347369300031471,0.7934159399603185,-0.3288879085738614,0.7650357389333393,-0.35599007687838113,-0.8851114215621174,0.7752822111072188,0.7366386184577831,-0.3831084027056234,0.7132569317248807,-0.9468589764919154,-0.3665283420807992,0.7290903499986257,0.6925268944825376,0.6576099844772192,-1.0,0.6655673579202901
